countryCode,type,cityName,cityId,regionName,regionCode,lat,lon,population,elevation,timezone
SE,CITY,Abborrberget,106595,Dalarna County,W,60.15,14.8,1814,300,Europe__Stockholm
SE,CITY,Akalla,106221,Stockholm County,AB,59.41465,17.91398,8153,,Europe__Stockholm
SE,CITY,Alafors,106810,Västra Götaland County,O,57.92579,12.07835,1139,13,Europe__Stockholm
SE,CITY,Alby,106387,Stockholm County,AB,59.2335,17.8538,11400,32,Europe__Stockholm
SE,ADM2,Ale Kommun,165794,Västra Götaland County,O,57.97018,12.25166,27441,,Europe__Stockholm
SE,CITY,Alfta,106365,Gävleborg County,X,61.34675,16.07499,2348,94,Europe__Stockholm
SE,CITY,Alingsås,106797,Västra Götaland County,O,57.93033,12.53345,26329,,Europe__Stockholm
SE,ADM2,Alingsås Kommun,165793,Västra Götaland County,O,58.0,12.5,37837,,Europe__Stockholm
SE,CITY,Alsike,106399,Uppsala County,C,59.75324,17.77331,3833,35,Europe__Stockholm
SE,CITY,Alunda,105403,Uppsala County,C,60.26667,18.4,2224,,Europe__Stockholm
SE,CITY,Alvesta,106469,Kronoberg County,G,56.89935,14.55559,8627,152,Europe__Stockholm
SE,ADM2,Alvesta Kommun,165785,Kronoberg County,G,56.84663,14.4749,18807,,Europe__Stockholm
SE,CITY,Andalen,107090,Västra Götaland County,O,57.70039,11.76136,1897,23,Europe__Stockholm
SE,CITY,Anderslöv,106457,Skåne County,M,55.43836,13.31966,1963,42,Europe__Stockholm
SE,CITY,Anderstorp,106123,Jönköping County,F,57.28333,13.63333,5076,,Europe__Stockholm
SE,CITY,Anderstorp,106902,Västra Götaland County,O,58.88333,14.28333,4987,157,Europe__Stockholm
SE,CITY,Aneby,106882,Jönköping County,F,57.83895,14.81016,3496,,Europe__Stockholm
SE,ADM2,Aneby Kommun,165784,Jönköping County,F,57.86992,14.79796,6359,,Europe__Stockholm
SE,CITY,Angered,106148,Västra Götaland County,O,57.78628,12.09852,1062,,Europe__Stockholm
SE,CITY,Ankarsrum,106358,Kalmar County,H,57.69896,16.33407,1234,72,Europe__Stockholm
SE,CITY,Anneberg,105552,Uppsala County,C,60.24167,18.41667,1398,,Europe__Stockholm
SE,CITY,Annelund,106342,Västra Götaland County,O,57.98843,13.07483,1226,,Europe__Stockholm
SE,CITY,Arboga,106526,Västmanland County,U,59.39387,15.83882,10841,20,Europe__Stockholm
SE,ADM2,Arboga Kommun,165791,Västmanland County,U,59.39451,15.79261,13301,,Europe__Stockholm
SE,CITY,Arbrå,106491,Gävleborg County,X,61.46667,16.38333,1961,107,Europe__Stockholm
SE,CITY,Arjeplog,106766,Norrbotten County,BD,66.05173,17.88606,1822,426,Europe__Stockholm
SE,ADM2,Arjeplogs Kommun,165779,Norrbotten County,BD,66.37495,17.17477,3143,,Europe__Stockholm
SE,CITY,Arlöv,106109,Skåne County,M,55.63248,13.07141,9108,7,Europe__Stockholm
SE,CITY,Arnö,106350,Södermanland County,D,58.72675,17.02322,4124,,Europe__Stockholm
SE,CITY,Arnö,106964,Stockholm County,AB,60.11667,18.63333,3925,13,Europe__Stockholm
SE,CITY,Arvidsjaur,106762,Norrbotten County,BD,65.59033,19.16682,4655,380,Europe__Stockholm
SE,ADM2,Arvidsjaurs Kommun,165777,Norrbotten County,BD,65.66667,19.25,6537,,Europe__Stockholm
SE,CITY,Arvika,106157,Värmland County,S,59.65528,12.58518,13926,58,Europe__Stockholm
SE,ADM2,Arvika Kommun,165782,Värmland County,S,59.70484,12.63202,25978,,Europe__Stockholm
SE,CITY,Askersund,106764,Örebro County,T,58.87988,14.9023,3997,101,Europe__Stockholm
SE,ADM2,Askersunds Kommun,165778,Örebro County,T,58.88048,14.98416,11185,,Europe__Stockholm
SE,CITY,Asmundtorp,106675,Skåne County,M,55.88333,12.93333,1563,17,Europe__Stockholm
SE,CITY,Avesta,106479,Dalarna County,W,60.14274,16.16295,11949,89,Europe__Stockholm
SE,ADM2,Avesta Kommun,165775,Dalarna County,W,60.21251,16.36234,21508,,Europe__Stockholm
SE,CITY,Axvall,106497,Västra Götaland County,O,58.38333,13.56667,1164,129,Europe__Stockholm
SE,CITY,Backa,105530,Västerbotten County,AC,64.98333,21.06667,1516,58,Europe__Stockholm
SE,CITY,Bankeryd,106420,Jönköping County,F,57.86021,14.124,8506,116,Europe__Stockholm
SE,CITY,Bara,106322,Södermanland County,D,58.68333,17.06667,3270,20,Europe__Stockholm
SE,CITY,Bara,106594,Skåne County,M,55.58155,13.17862,3743,,Europe__Stockholm
SE,CITY,Barkarö,106258,Västmanland County,U,59.54935,16.5074,1404,16,Europe__Stockholm
SE,CITY,Bengtsfors,106787,Västra Götaland County,O,59.02912,12.23207,3125,100,Europe__Stockholm
SE,ADM2,Bengtsfors Kommun,165773,Västra Götaland County,O,59.03333,12.21667,9770,,Europe__Stockholm
SE,CITY,Berg,106566,Östergötland County,E,58.48831,15.52969,1229,60,Europe__Stockholm
SE,CITY,Bergby,106760,Gävleborg County,X,60.92931,17.04194,1549,18,Europe__Stockholm
SE,CITY,Bergeforsen,106654,Västernorrland County,Y,62.53074,17.38123,1787,43,Europe__Stockholm
SE,CITY,Bergkvara,106528,Kalmar County,H,56.39063,16.07274,1021,5,Europe__Stockholm
SE,CITY,Bergnäset,106048,Norrbotten County,BD,65.57791,22.10844,3604,1,Europe__Stockholm
SE,ADM2,Bergs Kommun,165771,Jämtland County,Z,62.86106,13.71181,7379,,Europe__Stockholm
SE,CITY,Bergshamra,106875,Stockholm County,AB,59.38083,18.03427,7300,,Europe__Stockholm
SE,CITY,Bergsjö,106231,Gävleborg County,X,61.98253,17.06368,1292,,Europe__Stockholm
SE,CITY,Bergsviken,105769,Norrbotten County,BD,65.3,21.38333,2251,13,Europe__Stockholm
SE,CITY,Billdal,106657,Västra Götaland County,O,57.56667,11.93333,14874,17,Europe__Stockholm
SE,CITY,Billeberga,106938,Skåne County,M,55.88333,13.0,1050,30,Europe__Stockholm
SE,CITY,Billesholm,106489,Skåne County,M,56.05,13.0,2794,57,Europe__Stockholm
SE,CITY,Billingsfors,106679,Västra Götaland County,O,58.98333,12.25,1108,90,Europe__Stockholm
SE,CITY,Bjurholm,106718,Västerbotten County,AC,63.93027,19.21369,1000,,Europe__Stockholm
SE,ADM2,Bjurholms Kommun,165769,Västerbotten County,AC,63.96667,19.0,2448,,Europe__Stockholm
SE,CITY,Bjursås,106236,Dalarna County,W,60.73726,15.45291,1968,177,Europe__Stockholm
SE,CITY,Bjuv,106793,Skåne County,M,56.08372,12.91914,10602,,Europe__Stockholm
SE,ADM2,Bjuvs Kommun,165770,Skåne County,M,56.05409,12.96542,14880,,Europe__Stockholm
SE,CITY,Bjärnum,106451,Skåne County,M,56.29032,13.71128,2755,95,Europe__Stockholm
SE,CITY,Bjärred,106893,Skåne County,M,55.71667,13.01667,9844,7,Europe__Stockholm
SE,CITY,Bjästa,106572,Västernorrland County,Y,63.2,18.5,1845,33,Europe__Stockholm
SE,CITY,Björboholm,106564,Västra Götaland County,O,57.87096,12.32546,1036,68,Europe__Stockholm
SE,CITY,Björklinge,105273,Uppsala County,C,60.03004,17.55203,3186,,Europe__Stockholm
SE,CITY,Björkskatan,106499,Norrbotten County,BD,65.61373,22.17702,4388,,Europe__Stockholm
SE,CITY,Björkö,106644,Västra Götaland County,O,57.73221,11.67916,1495,,Europe__Stockholm
SE,CITY,Björlanda,106754,Västra Götaland County,O,57.76667,11.83333,23088,8,Europe__Stockholm
SE,CITY,Björneborg,106167,Värmland County,S,59.24122,14.24942,1237,130,Europe__Stockholm
SE,CITY,Blentarp,106612,Skåne County,M,55.58333,13.6,1452,55,Europe__Stockholm
SE,CITY,Blomstermåla,106921,Kalmar County,H,56.98333,16.33333,2380,26,Europe__Stockholm
SE,CITY,Bodafors,106587,Jönköping County,F,57.5,14.7,1957,276,Europe__Stockholm
SE,CITY,Boden,105934,Norrbotten County,BD,65.82518,21.68864,16830,,Europe__Stockholm
SE,ADM2,Bodens Kommun,165522,Norrbotten County,BD,66.04393,21.29977,27559,,Europe__Stockholm
SE,CITY,Boliden,105215,Västerbotten County,AC,64.86667,20.38333,1661,226,Europe__Stockholm
SE,CITY,Bollebygd,106959,Västra Götaland County,O,57.66866,12.57272,3870,87,Europe__Stockholm
SE,ADM2,Bollebygds Kommun,165799,Västra Götaland County,O,57.7426,12.61451,8346,,Europe__Stockholm
SE,CITY,Bollmora,106732,Stockholm County,AB,59.24196,18.22762,18548,,Europe__Stockholm
SE,CITY,Bollnäs,106104,Gävleborg County,X,61.34817,16.39464,13716,53,Europe__Stockholm
SE,ADM2,Bollnäs Kommun,165766,Gävleborg County,X,61.31418,16.41725,26162,,Europe__Stockholm
SE,CITY,Bollstabruk,106536,Västernorrland County,Y,62.99777,17.67348,1883,2,Europe__Stockholm
SE,CITY,Boo,106102,Stockholm County,AB,59.33333,18.28333,24052,37,Europe__Stockholm
SE,CITY,Bor,107074,Jönköping County,F,57.11667,14.16667,1263,169,Europe__Stockholm
SE,CITY,Borensberg,106647,Östergötland County,E,58.56667,15.28333,2942,107,Europe__Stockholm
SE,CITY,Borgholm,106852,Kalmar County,H,56.8793,16.65634,4344,5,Europe__Stockholm
SE,ADM2,Borgholms Kommun,165768,Kalmar County,H,57.09747,16.94092,10662,,Europe__Stockholm
SE,CITY,Borlänge,106455,Dalarna County,W,60.4858,15.43714,41955,151,Europe__Stockholm
SE,ADM2,Borlänge Kommun,165763,Dalarna County,W,60.45799,15.39873,49326,,Europe__Stockholm
SE,ADM2,Borås,165767,Västra Götaland County,O,57.73783,12.94076,103398,,Europe__Stockholm
SE,ADM2,Botkyrka Kommun,165762,Stockholm County,AB,59.2,17.81667,83184,,Europe__Stockholm
SE,CITY,Boxholm,106632,Östergötland County,E,58.19719,15.05376,3269,147,Europe__Stockholm
SE,ADM2,Boxholms Kommun,165765,Östergötland County,E,58.14842,15.10988,5210,,Europe__Stockholm
SE,CITY,Brastad,106634,Västra Götaland County,O,58.38333,11.48333,2289,,Europe__Stockholm
SE,CITY,Braås,106530,Kronoberg County,G,57.06667,15.05,1692,188,Europe__Stockholm
SE,CITY,Bredaryd,106547,Jönköping County,F,57.17343,13.73789,1549,165,Europe__Stockholm
SE,CITY,Bredbyn,106116,Västernorrland County,Y,63.44655,18.11019,1200,45,Europe__Stockholm
SE,CITY,Brevik,106327,Stockholm County,AB,59.35,18.2,8024,41,Europe__Stockholm
SE,CITY,Bro,107009,Stockholm County,AB,59.51667,17.63333,8266,,Europe__Stockholm
SE,CITY,Broby,106833,Skåne County,M,56.25521,14.07797,3104,,Europe__Stockholm
SE,CITY,Bromma,106165,Stockholm County,AB,59.34,17.94,61000,,Europe__Stockholm
SE,CITY,Bromölla,106601,Skåne County,M,56.07551,14.46958,7854,,Europe__Stockholm
SE,ADM2,Bromölla Kommun,165761,Skåne County,M,56.11934,14.5115,12261,,Europe__Stockholm
SE,CITY,Brunflo,106936,Jämtland County,Z,63.07586,14.83203,3916,,Europe__Stockholm
SE,CITY,Brunn,106483,Stockholm County,AB,59.28,18.43,1180,,Europe__Stockholm
SE,CITY,Brunna,106407,Stockholm County,AB,59.51667,17.75,3948,,Europe__Stockholm
SE,CITY,Brunna,106846,Dalarna County,W,60.26255,16.01034,3861,55,Europe__Stockholm
SE,CITY,Bräcke,106335,Jämtland County,Z,62.75067,15.42193,1559,,Europe__Stockholm
SE,ADM2,Bräcke Kommun,165764,Jämtland County,Z,62.85469,15.66609,6848,,Europe__Stockholm
SE,CITY,Bräkne-Hoby,107084,Blekinge,K,56.23333,15.11667,1708,,Europe__Stockholm
SE,CITY,Brålanda,106772,Västra Götaland County,O,58.56344,12.34923,1521,70,Europe__Stockholm
SE,CITY,Bua,106814,Halland County,N,57.2378,12.12187,1792,80,Europe__Stockholm
SE,CITY,Bunkeflostrand,106454,Skåne County,M,55.54478,12.92375,13048,,Europe__Stockholm
SE,CITY,Bureå,105643,Västerbotten County,AC,64.61667,21.2,2533,,Europe__Stockholm
SE,ADM2,Burlövs Kommun,165760,Skåne County,M,55.63873,13.09473,16744,,Europe__Stockholm
SE,CITY,Burträsk,106073,Västerbotten County,AC,64.51667,20.65,1573,,Europe__Stockholm
SE,CITY,Byske,106000,Västerbotten County,AC,64.95258,21.2058,1785,,Europe__Stockholm
SE,CITY,Bälinge,106903,Uppsala County,C,59.95,17.53333,2406,,Europe__Stockholm
SE,CITY,Bålsta,106105,Uppsala County,C,59.5671,17.52781,13138,,Europe__Stockholm
SE,CITY,Bårslöv,106153,Skåne County,M,56.0091,12.8058,2753,,Europe__Stockholm
SE,CITY,Båstad,106805,Skåne County,M,56.42689,12.85339,5146,,Europe__Stockholm
SE,ADM2,Båstads Kommun,165772,Skåne County,M,56.40102,12.79912,14199,,Europe__Stockholm
SE,CITY,Charlottenberg,106837,Värmland County,S,59.88422,12.30398,2368,,Europe__Stockholm
SE,CITY,Dalarö,106580,Stockholm County,AB,59.13306,18.40639,1849,,Europe__Stockholm
SE,CITY,Dalby,106166,Skåne County,M,55.66655,13.34976,6302,,Europe__Stockholm
SE,CITY,Dals Långed,106709,Västra Götaland County,O,58.92555,12.30865,1407,,Europe__Stockholm
SE,ADM2,Dals-Ed Kommun,165759,Västra Götaland County,O,58.91252,11.92395,4681,,Europe__Stockholm
SE,CITY,Dalsjöfors,107028,Västra Götaland County,O,57.71667,13.08333,3606,,Europe__Stockholm
SE,ADM2,Danderyds Kommun,165757,Stockholm County,AB,59.40924,18.04847,31418,,Europe__Stockholm
SE,CITY,Degeberga,106259,Skåne County,M,55.83333,14.08333,1328,,Europe__Stockholm
SE,CITY,Degerfors,106233,Örebro County,T,59.23797,14.43077,7190,,Europe__Stockholm
SE,ADM2,Degerfors Kommun,165758,Örebro County,T,59.1558,14.43352,9569,,Europe__Stockholm
SE,CITY,Deje,106854,Värmland County,S,59.603,13.472,2702,,Europe__Stockholm
SE,CITY,Delsbo,106388,Gävleborg County,X,61.80104,16.55571,2185,,Europe__Stockholm
SE,CITY,Dingtuna,106393,Västmanland County,U,59.57279,16.38722,1021,,Europe__Stockholm
SE,CITY,Diseröd,106832,Västra Götaland County,O,57.92636,12.02598,1328,58,Europe__Stockholm
SE,CITY,Djursholm,106193,Stockholm County,AB,59.39926,18.05619,8856,,Europe__Stockholm
SE,CITY,Djurås,106338,Dalarna County,W,60.56061,15.13281,2128,,Europe__Stockholm
SE,CITY,Djurö,106320,Stockholm County,AB,59.32653,18.71152,1442,,Europe__Stockholm
SE,CITY,Donsö,106721,Västra Götaland County,O,57.6,11.79917,1446,,Europe__Stockholm
SE,CITY,Dorotea,106119,Västerbotten County,AC,64.26185,16.41306,1491,,Europe__Stockholm
SE,ADM2,Dorotea Kommun,165756,Västerbotten County,AC,64.57981,15.80614,2874,,Europe__Stockholm
SE,CITY,Ed,106389,Västra Götaland County,O,58.91247,11.93308,2994,,Europe__Stockholm
SE,ADM2,Eda kommun,165755,Värmland County,S,59.8,12.21667,8498,,Europe__Stockholm
SE,CITY,Edsbyn,106372,Gävleborg County,X,61.37692,15.81747,4179,,Europe__Stockholm
SE,CITY,Ekeby,106438,Skåne County,M,56.0,12.96667,3292,,Europe__Stockholm
SE,CITY,Ekeby-Almby,106184,Örebro County,T,59.26,15.33,1531,,Europe__Stockholm
SE,CITY,Ekenässjön,106613,Jönköping County,F,57.49175,15.02226,1563,,Europe__Stockholm
SE,CITY,Ekerö,106898,Stockholm County,AB,59.291,17.81212,11505,,Europe__Stockholm
SE,ADM2,Ekerö Kommun,165754,Stockholm County,AB,59.32198,17.6358,25491,,Europe__Stockholm
SE,CITY,Ekshärad,106715,Värmland County,S,60.17275,13.49647,1020,,Europe__Stockholm
SE,CITY,Eksjö,106913,Jönköping County,F,57.66643,14.97205,10157,,Europe__Stockholm
SE,ADM2,Eksjö Kommun,165753,Jönköping County,F,57.62006,15.2181,16259,,Europe__Stockholm
SE,CITY,Ekängen,106784,Östergötland County,E,58.46667,15.63333,2485,,Europe__Stockholm
SE,CITY,Ellös,106606,Västra Götaland County,O,58.18333,11.46667,1036,,Europe__Stockholm
SE,CITY,Emmaboda,106147,Kalmar County,H,56.63268,15.53648,4818,,Europe__Stockholm
SE,ADM2,Emmaboda Kommun,165751,Kalmar County,H,56.63333,15.53333,9137,,Europe__Stockholm
SE,CITY,Enbacka,106877,Dalarna County,W,60.40993,15.59575,1899,,Europe__Stockholm
SE,CITY,Enebyberg,106661,Stockholm County,AB,59.43333,18.05,5000,,Europe__Stockholm
SE,CITY,Enhagen-Ekbacken,107068,Västmanland County,U,59.56543,16.53045,1091,,Europe__Stockholm
SE,CITY,Enköping,106316,Uppsala County,C,59.63607,17.07768,22553,16,Europe__Stockholm
SE,ADM2,Enköpings Kommun,165748,Uppsala County,C,59.68575,17.11668,39848,,Europe__Stockholm
SE,CITY,Eriksberg,106329,Stockholm County,AB,59.24241,17.81631,3200,,Europe__Stockholm
SE,CITY,Eriksbo,106576,Västra Götaland County,O,57.77141,12.04183,2564,,Europe__Stockholm
SE,CITY,Ersmark,105449,Västerbotten County,AC,63.88333,20.31667,1650,,Europe__Stockholm
SE,CITY,Eskilstuna,106447,Södermanland County,D,59.36661,16.5077,67359,26,Europe__Stockholm
SE,ADM2,Eskilstuna Kommun,165746,Södermanland County,D,59.37362,16.49014,96525,,Europe__Stockholm
SE,CITY,Eslöv,106262,Skåne County,M,55.83928,13.30393,18592,68,Europe__Stockholm
SE,ADM2,Eslövs Kommun,165749,Skåne County,M,55.83607,13.37522,31633,,Europe__Stockholm
SE,ADM2,Essunga Kommun,165745,Västra Götaland County,O,58.20253,12.72273,5541,,Europe__Stockholm
SE,CITY,Fagersta,106496,Västmanland County,U,60.00418,15.79316,11936,102,Europe__Stockholm
SE,ADM2,Fagersta Kommun,165744,Västmanland County,U,59.94834,15.88332,12451,,Europe__Stockholm
SE,CITY,Falkenberg,106977,Halland County,N,56.90552,12.49118,24099,13,Europe__Stockholm
SE,ADM2,Falkenbergs Kommun,165752,Halland County,N,57.04317,12.72989,41083,,Europe__Stockholm
SE,CITY,Falköping,106464,Västra Götaland County,O,58.17347,13.55068,17170,218,Europe__Stockholm
SE,ADM2,Falköpings Kommun,165747,Västra Götaland County,O,58.14046,13.53277,31515,,Europe__Stockholm
SE,ADM2,Falu kommun,165750,Dalarna County,W,60.60483,15.63492,55960,,Europe__Stockholm
SE,CITY,Falun,106239,Dalarna County,W,60.60357,15.62597,37000,110,Europe__Stockholm
SE,CITY,Fellingsbro,106138,Örebro County,T,59.43333,15.58333,1475,,Europe__Stockholm
SE,CITY,Filipstad,107011,Värmland County,S,59.71236,14.16831,6119,,Europe__Stockholm
SE,ADM2,Filipstads Kommun,165743,Värmland County,S,59.87354,14.14706,10521,,Europe__Stockholm
SE,CITY,Finspång,106453,Östergötland County,E,58.70578,15.76739,12807,,Europe__Stockholm
SE,ADM2,Finspångs Kommun,165740,Östergötland County,E,58.80568,15.78783,20730,,Europe__Stockholm
SE,CITY,Fisksätra,106405,Stockholm County,AB,59.29153,18.2549,8117,,Europe__Stockholm
SE,CITY,Fittja,106950,Stockholm County,AB,59.24868,17.85991,7500,,Europe__Stockholm
SE,CITY,Fjugesta,106909,Örebro County,T,59.17375,14.87227,2160,,Europe__Stockholm
SE,CITY,Fjälkinge,106917,Skåne County,M,56.04364,14.27562,1832,,Europe__Stockholm
SE,CITY,Fjärås kyrkby,106340,Halland County,N,57.45913,12.17508,2385,,Europe__Stockholm
SE,CITY,Flen,106449,Södermanland County,D,59.05834,16.58781,6594,,Europe__Stockholm
SE,ADM2,Flens Kommun,165741,Södermanland County,D,59.05,16.71667,16068,,Europe__Stockholm
SE,CITY,Floby,106708,Västra Götaland County,O,58.13333,13.33333,1562,,Europe__Stockholm
SE,CITY,Forsbacka,105413,Västerbotten County,AC,64.76667,20.5,1748,144,Europe__Stockholm
SE,CITY,Forsbacka,106783,Gävleborg County,X,60.61667,16.88333,1754,,Europe__Stockholm
SE,CITY,Forserum,106755,Jönköping County,F,57.7,14.46667,2080,,Europe__Stockholm
SE,CITY,Forshaga,106747,Värmland County,S,59.52541,13.48127,6361,,Europe__Stockholm
SE,ADM2,Forshaga Kommun,165739,Värmland County,S,59.64596,13.50572,11230,,Europe__Stockholm
SE,CITY,Forsheda,106210,Jönköping County,F,57.16415,13.83016,1510,,Europe__Stockholm
SE,CITY,Frillesås,106364,Halland County,N,57.31667,12.16667,2832,,Europe__Stockholm
SE,CITY,Fristad,106806,Västra Götaland County,O,57.82483,13.01064,5409,,Europe__Stockholm
SE,CITY,Fritsla,106776,Västra Götaland County,O,57.55655,12.78457,2307,,Europe__Stockholm
SE,CITY,Fränsta,106283,Västernorrland County,Y,62.49855,16.17016,2062,,Europe__Stockholm
SE,CITY,Frösakull,106164,Halland County,N,56.68333,12.73333,2296,,Europe__Stockholm
SE,CITY,Frövi,106492,Örebro County,T,59.46667,15.36667,2480,,Europe__Stockholm
SE,CITY,Furulund,106369,Skåne County,M,55.7738,13.09022,4359,,Europe__Stockholm
SE,CITY,Furulund,106866,Västra Götaland County,O,57.71667,12.13333,3888,,Europe__Stockholm
SE,CITY,Fyllinge,106515,Halland County,N,56.65,12.91667,2830,,Europe__Stockholm
SE,CITY,Färgelanda,106303,Västra Götaland County,O,58.56816,11.99235,1986,,Europe__Stockholm
SE,ADM2,Färgelanda Kommun,165742,Västra Götaland County,O,58.6163,12.01136,6628,,Europe__Stockholm
SE,CITY,Färila,106373,Gävleborg County,X,61.80011,15.84422,1398,,Europe__Stockholm
SE,CITY,Färjestaden,107036,Kalmar County,H,56.6499,16.46859,5645,,Europe__Stockholm
SE,CITY,Färlöv,106229,Skåne County,M,56.06667,14.08333,1016,,Europe__Stockholm
SE,CITY,Förslöv,106360,Skåne County,M,56.35,12.81667,2386,,Europe__Stockholm
SE,CITY,Gagnef,106190,Dalarna County,W,60.59856,15.07745,1199,,Europe__Stockholm
SE,ADM2,Gagnefs Kommun,165737,Dalarna County,W,60.47391,14.94676,10091,,Europe__Stockholm
SE,CITY,Gamla Stan,105792,Stockholm County,AB,59.32627,18.07251,3000,,Europe__Stockholm
SE,CITY,Gamla Uppsala,106208,Uppsala County,C,59.89817,17.63386,16231,,Europe__Stockholm
SE,CITY,Gamleby,106254,Kalmar County,H,57.89485,16.40508,2758,,Europe__Stockholm
SE,CITY,Gammelstad,105285,Norrbotten County,BD,65.63931,22.01145,4892,,Europe__Stockholm
SE,CITY,Gantofta,106695,Skåne County,M,55.98729,12.80482,1322,,Europe__Stockholm
SE,CITY,Garphyttan,106553,Örebro County,T,59.30429,14.94623,1613,,Europe__Stockholm
SE,CITY,Gemla,106549,Kronoberg County,G,56.86753,14.64379,1462,,Europe__Stockholm
SE,CITY,Genarp,106642,Skåne County,M,55.59907,13.3982,2962,,Europe__Stockholm
SE,CITY,Getinge,106795,Halland County,N,56.81667,12.73333,1909,,Europe__Stockholm
SE,CITY,Gimo,105609,Uppsala County,C,60.17304,18.18507,2698,,Europe__Stockholm
SE,CITY,Gislaved,106478,Jönköping County,F,57.3044,13.54078,10180,,Europe__Stockholm
SE,ADM2,Gislaveds Kommun,165732,Jönköping County,F,57.30337,13.47548,29054,,Europe__Stockholm
SE,CITY,Glimåkra,106419,Skåne County,M,56.3,14.13333,1466,,Europe__Stockholm
SE,CITY,Glommen,106728,Halland County,N,56.93333,12.35,1082,,Europe__Stockholm
SE,CITY,Glumslöv,106578,Skåne County,M,55.94091,12.80929,2093,,Europe__Stockholm
SE,CITY,Gnarp,106371,Gävleborg County,X,62.04874,17.25858,1199,,Europe__Stockholm
SE,CITY,Gnesta,106865,Södermanland County,D,59.04751,17.31191,5772,,Europe__Stockholm
SE,ADM2,Gnesta Kommun,165796,Södermanland County,D,59.09214,17.14533,10361,,Europe__Stockholm
SE,CITY,Gnosjö,106740,Jönköping County,F,57.3585,13.73686,4528,,Europe__Stockholm
SE,ADM2,Gnosjö Kommun,165734,Jönköping County,F,57.36225,13.80491,9552,,Europe__Stockholm
SE,ADM2,Gotland,165735,Gotland County,I,57.5,18.5,57203,,Europe__Stockholm
SE,CITY,Grebbestad,106947,Västra Götaland County,O,58.70248,11.25738,1877,,Europe__Stockholm
SE,CITY,Grebo,106173,Östergötland County,E,58.30145,15.87085,1047,,Europe__Stockholm
SE,CITY,Grillby,106856,Uppsala County,C,59.62603,17.25787,1028,,Europe__Stockholm
SE,CITY,Grums,106914,Värmland County,S,59.35141,13.11105,5040,,Europe__Stockholm
SE,ADM2,Grums Kommun,165730,Värmland County,S,59.40406,13.02192,9033,,Europe__Stockholm
SE,CITY,Grycksbo,106942,Dalarna County,W,60.68751,15.48507,1870,,Europe__Stockholm
SE,CITY,Grängesberg,106222,Dalarna County,W,60.07465,15.00784,2146,,Europe__Stockholm
SE,CITY,Gränna,106431,Jönköping County,F,58.01667,14.46667,2726,,Europe__Stockholm
SE,CITY,Grästorp,106727,Västra Götaland County,O,58.33219,12.68122,2946,,Europe__Stockholm
SE,ADM2,Grästorps Kommun,165731,Västra Götaland County,O,58.33333,12.66667,5742,,Europe__Stockholm
SE,CITY,Gråbo,106144,Västra Götaland County,O,57.83625,12.29954,6021,,Europe__Stockholm
SE,CITY,Gullbrandstorp,106941,Halland County,N,56.7,12.73333,1642,,Europe__Stockholm
SE,CITY,Gullspång,106118,Västra Götaland County,O,58.98615,14.09644,1568,,Europe__Stockholm
SE,ADM2,Gullspångs Kommun,165729,Västra Götaland County,O,58.933,14.18048,5296,,Europe__Stockholm
SE,CITY,Gunnebo,107019,Kalmar County,H,57.71667,16.53333,1022,,Europe__Stockholm
SE,CITY,Gustavsberg,107022,Stockholm County,AB,59.32684,18.38975,20774,,Europe__Stockholm
SE,CITY,Gusum,106245,Östergötland County,E,58.2688,16.49894,1149,,Europe__Stockholm
SE,CITY,Gällivare,105772,Norrbotten County,BD,67.13387,20.65278,10362,358,Europe__Stockholm
SE,ADM2,Gällivare kommun,165521,Norrbotten County,BD,67.39347,19.70834,18428,,Europe__Stockholm
SE,CITY,Gärsnäs,106935,Skåne County,M,55.54949,14.17923,1094,,Europe__Stockholm
SE,CITY,Gävle,106663,Gävleborg County,X,60.67452,17.14174,74884,8,Europe__Stockholm
SE,ADM2,Gävle Kommun,165738,Gävleborg County,X,60.6426,17.12066,95190,,Europe__Stockholm
SE,CITY,Gånghester,106519,Västra Götaland County,O,57.7,13.01667,2533,,Europe__Stockholm
SE,CITY,Gårdsten,106203,Västra Götaland County,O,57.8048,12.02883,8025,,Europe__Stockholm
SE,CITY,Göta,106790,Västra Götaland County,O,58.10617,12.15254,1002,,Europe__Stockholm
SE,CITY,Göteborg,106179,Västra Götaland County,O,57.70716,11.96679,572799,12,Europe__Stockholm
SE,ADM2,Göteborgs stad,165736,Västra Götaland County,O,57.72288,11.94577,515146,,Europe__Stockholm
SE,CITY,Götene,106217,Västra Götaland County,O,58.52824,13.49458,5027,,Europe__Stockholm
SE,ADM2,Götene Kommun,165733,Västra Götaland County,O,58.55105,13.47866,13167,,Europe__Stockholm
SE,CITY,Habo,106113,Jönköping County,F,57.91185,14.07444,7740,,Europe__Stockholm
SE,ADM2,Habo Kommun,165728,Jönköping County,F,57.90901,14.08997,10755,,Europe__Stockholm
SE,CITY,Hagfors,106680,Värmland County,S,60.02378,13.67214,4869,,Europe__Stockholm
SE,ADM2,Hagfors Kommun,165722,Värmland County,S,60.08997,13.60757,12456,,Europe__Stockholm
SE,CITY,Hallsberg,105396,Örebro County,T,59.06463,15.10993,8146,,Europe__Stockholm
SE,ADM2,Hallsbergs Kommun,165724,Örebro County,T,59.03803,15.18468,15236,,Europe__Stockholm
SE,CITY,Hallstahammar,105359,Västmanland County,U,59.61395,16.22846,10787,,Europe__Stockholm
SE,ADM2,Hallstahammars Kommun,165725,Västmanland County,U,59.61703,16.22797,15158,,Europe__Stockholm
SE,CITY,Hallstavik,106011,Stockholm County,AB,60.05,18.6,4536,31,Europe__Stockholm
SE,CITY,Halmstad,105553,Halland County,N,56.67446,12.85676,66124,11,Europe__Stockholm
SE,ADM2,Halmstads Kommun,165723,Halland County,N,56.7392,12.97338,91788,,Europe__Stockholm
SE,CITY,Hammar,105174,Skåne County,M,56.01667,14.21667,3311,,Europe__Stockholm
SE,CITY,Hammarkullen,106722,Västra Götaland County,O,57.78049,12.03604,7914,91,Europe__Stockholm
SE,CITY,Hammarstrand,105487,Jämtland County,Z,63.11041,16.35377,1116,,Europe__Stockholm
SE,ADM2,Hammarö Kommun,165720,Värmland County,S,59.30699,13.54869,14903,,Europe__Stockholm
SE,CITY,Hammerdal,105606,Jämtland County,Z,63.57615,15.36516,1043,,Europe__Stockholm
SE,CITY,Hanaskog,105828,Skåne County,M,56.16061,14.09307,1385,,Europe__Stockholm
SE,CITY,Handen,106031,Stockholm County,AB,59.16809,18.13796,11524,66,Europe__Stockholm
SE,CITY,Haninge,105503,Stockholm County,AB,59.16775,18.14478,74968,67,Europe__Stockholm
SE,ADM2,Haninge Kommun,165717,Stockholm County,AB,59.17382,18.15491,77450,,Europe__Stockholm
SE,CITY,Haparanda,105120,Norrbotten County,BD,65.83549,24.13676,6679,,Europe__Stockholm
SE,ADM2,Haparanda Kommun,165520,Norrbotten County,BD,65.91662,23.84607,10058,,Europe__Stockholm
SE,CITY,Harplinge,105915,Halland County,N,56.74491,12.72758,1498,,Europe__Stockholm
SE,CITY,Hasslö,105375,Blekinge,K,56.11667,15.48333,1606,,Europe__Stockholm
SE,CITY,Haverdal,105659,Halland County,N,56.72222,12.67194,1681,,Europe__Stockholm
SE,CITY,Heby,105429,Uppsala County,C,59.93815,16.86217,2724,,Europe__Stockholm
SE,ADM2,Heby kommun,165715,Uppsala County,C,60.1,17.0,13379,,Europe__Stockholm
SE,CITY,Hedemora,105251,Dalarna County,W,60.27973,15.98855,7371,,Europe__Stockholm
SE,ADM2,Hedemora Kommun,165714,Dalarna County,W,60.34659,16.0735,15171,,Europe__Stockholm
SE,CITY,Hedesunda,105492,Gävleborg County,X,60.4,17.0,1067,,Europe__Stockholm
SE,ADM2,Helsingborg,165713,Skåne County,M,56.05648,12.78718,129633,,Europe__Stockholm
SE,CITY,Hemmesta,106017,Stockholm County,AB,59.32273,18.48675,4577,,Europe__Stockholm
SE,CITY,Hemse,105356,Gotland County,I,57.23788,18.37443,1668,,Europe__Stockholm
SE,CITY,Henån,106054,Västra Götaland County,O,58.23848,11.67598,2243,,Europe__Stockholm
SE,CITY,Herrestad,105764,Östergötland County,E,58.38333,14.8,2412,,Europe__Stockholm
SE,CITY,Herrljunga,105753,Västra Götaland County,O,58.07739,13.02662,3982,,Europe__Stockholm
SE,ADM2,Herrljunga Kommun,165712,Västra Götaland County,O,58.01156,13.12059,9321,,Europe__Stockholm
SE,CITY,Hestra,105527,Jönköping County,F,57.44232,13.59575,1327,,Europe__Stockholm
SE,CITY,Hillerstorp,105653,Jönköping County,F,57.31293,13.88437,1746,,Europe__Stockholm
SE,CITY,Hindås,105981,Västra Götaland County,O,57.70338,12.44657,2901,,Europe__Stockholm
SE,CITY,Hittarp,106050,Skåne County,M,56.1,12.63333,4545,,Europe__Stockholm
SE,CITY,Hjo,105951,Västra Götaland County,O,58.30133,14.28784,6203,,Europe__Stockholm
SE,ADM2,Hjo Kommun,165711,Västra Götaland County,O,58.29642,14.20754,8786,,Europe__Stockholm
SE,CITY,Hjuvik,105497,Västra Götaland County,O,57.70167,11.71639,3754,,Europe__Stockholm
SE,CITY,Hjärnarp,105433,Skåne County,M,56.31667,12.91667,1095,,Europe__Stockholm
SE,CITY,Hjärup,105227,Skåne County,M,55.6688,13.13931,4744,,Europe__Stockholm
SE,CITY,Hofors,105217,Gävleborg County,X,60.54573,16.28668,6090,,Europe__Stockholm
SE,ADM2,Hofors Kommun,165710,Gävleborg County,X,60.49619,16.41088,9697,,Europe__Stockholm
SE,CITY,Hofterup,105693,Skåne County,M,55.80485,12.9797,3814,,Europe__Stockholm
SE,CITY,Holmsund,105716,Västerbotten County,AC,63.70602,20.36409,5962,,Europe__Stockholm
SE,CITY,Horndal,105467,Dalarna County,W,60.3,16.41667,1120,,Europe__Stockholm
SE,CITY,Horred,105885,Västra Götaland County,O,57.35475,12.47777,1203,,Europe__Stockholm
SE,CITY,Hortlax,105783,Norrbotten County,BD,65.28188,21.40544,1128,,Europe__Stockholm
SE,CITY,Hova,106055,Västra Götaland County,O,58.85363,14.21914,1254,,Europe__Stockholm
SE,CITY,Hoverberg,106757,Jämtland County,Z,62.81381,14.44735,206,,Europe__Stockholm
SE,CITY,Hovmantorp,105911,Kronoberg County,G,56.78685,15.14023,3082,,Europe__Stockholm
SE,CITY,Hovsta,105432,Örebro County,T,59.35,15.21667,2831,,Europe__Stockholm
SE,CITY,Huddinge,105727,Stockholm County,AB,59.23705,17.98192,90182,,Europe__Stockholm
SE,ADM2,Huddinge Kommun,165703,Stockholm County,AB,59.21428,18.01584,97959,,Europe__Stockholm
SE,CITY,Hudiksvall,105105,Gävleborg County,X,61.72744,17.10558,16081,,Europe__Stockholm
SE,ADM2,Hudiksvalls Kommun,165706,Gävleborg County,X,61.76615,16.77055,36831,,Europe__Stockholm
SE,CITY,Hultsfred,105605,Kalmar County,H,57.48815,15.84357,5510,,Europe__Stockholm
SE,ADM2,Hultsfreds Kommun,165707,Kalmar County,H,57.4,15.8,13632,,Europe__Stockholm
SE,CITY,Hunnebostrand,105678,Västra Götaland County,O,58.44127,11.3032,2053,,Europe__Stockholm
SE,CITY,Huskvarna,105121,Jönköping County,F,57.78596,14.30214,21500,,Europe__Stockholm
SE,CITY,Husum,105938,Västernorrland County,Y,63.33333,19.16667,1563,,Europe__Stockholm
SE,CITY,Hyllinge,105345,Skåne County,M,56.1,12.85,2287,,Europe__Stockholm
SE,ADM2,Hylte Kommun,165701,Halland County,N,56.97394,13.26541,10141,,Europe__Stockholm
SE,CITY,Hyltebruk,105614,Halland County,N,56.99892,13.23958,3992,,Europe__Stockholm
SE,CITY,Häljarp,105775,Skåne County,M,55.85,12.91667,3134,,Europe__Stockholm
SE,CITY,Hällabrottet,105127,Örebro County,T,59.11667,15.2,1806,,Europe__Stockholm
SE,CITY,Hällbybrunn,105748,Södermanland County,D,59.39152,16.42229,3323,,Europe__Stockholm
SE,CITY,Hällefors,105814,Örebro County,T,59.78388,14.52197,4449,,Europe__Stockholm
SE,ADM2,Hällefors Kommun,165726,Örebro County,T,59.75736,14.61495,7194,,Europe__Stockholm
SE,CITY,Hälleforsnäs,105833,Södermanland County,D,59.15208,16.497,1624,,Europe__Stockholm
SE,CITY,Hällevik,105847,Blekinge,K,56.01667,14.7,1545,,Europe__Stockholm
SE,ADM2,Härjedalens kommun,165716,Jämtland County,Z,62.20539,13.80729,10435,,Europe__Stockholm
SE,CITY,Härnösand,105909,Västernorrland County,Y,62.63228,17.93794,18426,25,Europe__Stockholm
SE,ADM2,Härnösands Kommun,165718,Västernorrland County,Y,62.76667,17.68333,24608,,Europe__Stockholm
SE,ADM2,Härryda Kommun,165719,Västra Götaland County,O,57.67736,12.3201,34558,,Europe__Stockholm
SE,CITY,Hässleholm,105143,Skåne County,M,56.15905,13.76638,19309,,Europe__Stockholm
SE,ADM2,Hässleholms Kommun,165721,Skåne County,M,56.20687,13.72374,50046,,Europe__Stockholm
SE,CITY,Hästveda,105548,Skåne County,M,56.28468,13.93547,1693,,Europe__Stockholm
SE,ADM2,Håbo kommun,165727,Uppsala County,C,59.64953,17.50701,19629,,Europe__Stockholm
SE,CITY,Höganäs,105391,Skåne County,M,56.19971,12.55795,14778,,Europe__Stockholm
SE,ADM2,Höganäs Kommun,165708,Skåne County,M,56.22517,12.59701,24641,,Europe__Stockholm
SE,CITY,Högsby,105757,Kalmar County,H,57.16597,16.02562,1923,,Europe__Stockholm
SE,ADM2,Högsby Kommun,165709,Kalmar County,H,57.15537,15.91674,5769,,Europe__Stockholm
SE,CITY,Hökåsen,105688,Västmanland County,U,59.66667,16.58333,2986,,Europe__Stockholm
SE,CITY,Hököpinge,105964,Skåne County,M,55.49411,13.00782,1164,,Europe__Stockholm
SE,CITY,Höllviken,105348,Skåne County,M,55.40982,12.9558,14889,,Europe__Stockholm
SE,CITY,Hölö,105357,Stockholm County,AB,59.01667,17.53333,1477,,Europe__Stockholm
SE,CITY,Hönö,105513,Västra Götaland County,O,57.68972,11.64972,5293,,Europe__Stockholm
SE,CITY,Hörby,105889,Skåne County,M,55.85238,13.66094,7459,,Europe__Stockholm
SE,ADM2,Hörby Kommun,165704,Skåne County,M,55.83766,13.74284,14811,,Europe__Stockholm
SE,CITY,Hörnefors,105367,Västerbotten County,AC,63.62312,19.90856,2514,2,Europe__Stockholm
SE,CITY,Höviksnäs,105860,Västra Götaland County,O,58.03333,11.76667,1750,,Europe__Stockholm
SE,CITY,Höör,105584,Skåne County,M,55.93444,13.5385,12152,,Europe__Stockholm
SE,ADM2,Höörs Kommun,165705,Skåne County,M,55.94588,13.51686,15456,,Europe__Stockholm
SE,CITY,Iggesund,105657,Gävleborg County,X,61.64219,17.07477,3419,,Europe__Stockholm
SE,CITY,Ingared,106689,Västra Götaland County,O,57.85989,12.45161,1703,,Europe__Stockholm
SE,CITY,Ingelstad,105557,Kronoberg County,G,56.75,14.91667,1762,,Europe__Stockholm
SE,CITY,Insjön,105858,Dalarna County,W,60.67688,15.09487,2141,,Europe__Stockholm
SE,CITY,Insjön,105888,Västerbotten County,AC,64.4,17.48333,2150,,Europe__Stockholm
SE,CITY,Irsta,105510,Västmanland County,U,59.6,16.7,2809,,Europe__Stockholm
SE,CITY,Irsta,105805,Uppsala County,C,59.7,16.93333,2534,31,Europe__Stockholm
SE,CITY,Jakobsberg,105112,Stockholm County,AB,59.42268,17.83508,24046,,Europe__Stockholm
SE,CITY,Johannedal,105543,Västernorrland County,Y,62.43424,17.37273,2592,,Europe__Stockholm
SE,CITY,Jokkmokk,105428,Norrbotten County,BD,66.60665,19.82324,2794,257,Europe__Stockholm
SE,ADM2,Jokkmokks Kommun,165700,Norrbotten County,BD,66.90967,18.50521,5146,,Europe__Stockholm
SE,CITY,Jonstorp,105410,Västra Götaland County,O,58.0,12.71667,1771,107,Europe__Stockholm
SE,CITY,Jonstorp,105963,Skåne County,M,56.2338,12.67184,1972,,Europe__Stockholm
SE,CITY,Jordbro,105825,Stockholm County,AB,59.14972,18.11667,10757,,Europe__Stockholm
SE,CITY,Jursla,105244,Östergötland County,E,58.66667,16.18333,1647,,Europe__Stockholm
SE,CITY,Jämjö,105677,Blekinge,K,56.19187,15.84115,2629,,Europe__Stockholm
SE,CITY,Jämshög,105574,Blekinge,K,56.23333,14.51667,1612,,Europe__Stockholm
SE,CITY,Järbo,105786,Gävleborg County,X,60.71667,16.6,1813,,Europe__Stockholm
SE,ADM2,Järfälla kommun,165702,Stockholm County,AB,59.40875,17.86514,66565,,Europe__Stockholm
SE,CITY,Järna,105464,Stockholm County,AB,59.09165,17.56615,6038,,Europe__Stockholm
SE,CITY,Järna,105804,Dalarna County,W,60.53333,14.36667,1725,,Europe__Stockholm
SE,CITY,Järpen,105216,Jämtland County,Z,63.3462,13.46572,1539,,Europe__Stockholm
SE,CITY,Järvsö,106090,Gävleborg County,X,61.71667,16.16667,1557,,Europe__Stockholm
SE,CITY,Jönköping,105623,Jönköping County,F,57.78145,14.15618,93797,104,Europe__Stockholm
SE,ADM2,Jönköpings Kommun,165698,Jönköping County,F,57.74101,14.20276,127600,,Europe__Stockholm
SE,CITY,Jörlanda,105495,Västra Götaland County,O,57.9863,11.82943,1465,,Europe__Stockholm
SE,CITY,Kalix,105295,Norrbotten County,BD,65.85298,23.15645,7495,,Europe__Stockholm
SE,ADM2,Kalix Kommun,165519,Norrbotten County,BD,65.96118,22.98669,16688,,Europe__Stockholm
SE,CITY,Kallinge,106044,Blekinge,K,56.24841,15.28721,4664,,Europe__Stockholm
SE,CITY,Kalmar,105989,Kalmar County,H,56.66157,16.36163,38408,8,Europe__Stockholm
SE,ADM2,Kalmar Kommun,165699,Kalmar County,H,56.66361,16.18569,62812,,Europe__Stockholm
SE,CITY,Karlholmsbruk,105568,Uppsala County,C,60.52091,17.63152,1193,,Europe__Stockholm
SE,CITY,Karlsborg,105393,Västra Götaland County,O,58.53724,14.5047,3624,,Europe__Stockholm
SE,ADM2,Karlsborgs Kommun,165694,Västra Götaland County,O,58.60994,14.45421,6732,,Europe__Stockholm
SE,CITY,Karlshamn,105728,Blekinge,K,56.1706,14.86188,20112,,Europe__Stockholm
SE,ADM2,Karlshamns kommun,165693,Blekinge,K,56.25,14.86667,31066,,Europe__Stockholm
SE,CITY,Karlskoga,105823,Örebro County,T,59.32667,14.52386,27490,,Europe__Stockholm
SE,ADM2,Karlskoga Kommun,165697,Örebro County,T,59.37383,14.5672,29605,,Europe__Stockholm
SE,CITY,Karlskrona,105111,Blekinge,K,56.16156,15.58661,36477,16,Europe__Stockholm
SE,ADM2,Karlskrona Kommun,165696,Blekinge,K,56.28167,15.66848,64178,,Europe__Stockholm
SE,CITY,Karlstad,105773,Värmland County,S,59.3793,13.50357,61492,64,Europe__Stockholm
SE,ADM2,Karlstads Kommun,165695,Värmland County,S,59.47409,13.59961,85842,,Europe__Stockholm
SE,CITY,Katrineholm,105829,Södermanland County,D,58.99587,16.20721,23283,,Europe__Stockholm
SE,ADM2,Katrineholms Kommun,165689,Södermanland County,D,59.01734,16.26049,32359,,Europe__Stockholm
SE,CITY,Kaxholmen,105610,Jönköping County,F,57.85345,14.30457,1561,,Europe__Stockholm
SE,CITY,Kil,105959,Värmland County,S,59.50234,13.31277,7627,,Europe__Stockholm
SE,CITY,Kilafors,105926,Gävleborg County,X,61.23333,16.56667,1197,,Europe__Stockholm
SE,ADM2,Kils Kommun,165687,Värmland County,S,59.50406,13.3174,11783,,Europe__Stockholm
SE,CITY,Kimstad,105445,Östergötland County,E,58.54967,15.96296,1469,,Europe__Stockholm
SE,ADM2,Kinda Kommun,165688,Östergötland County,E,58.01315,15.73373,9749,,Europe__Stockholm
SE,CITY,Kinna,105252,Västra Götaland County,O,57.50728,12.69463,15019,53,Europe__Stockholm
SE,CITY,Kiruna,105109,Norrbotten County,BD,67.85572,20.22513,17037,579,Europe__Stockholm
SE,ADM2,Kiruna Kommun,165692,Norrbotten County,BD,68.17009,20.54861,22936,,Europe__Stockholm
SE,CITY,Kisa,105409,Östergötland County,E,57.98781,15.63303,3776,,Europe__Stockholm
SE,CITY,Kista,105461,Stockholm County,AB,59.40316,17.94479,10254,,Europe__Stockholm
SE,CITY,Klintehamn,105339,Gotland County,I,57.38667,18.20371,1490,,Europe__Stockholm
SE,CITY,Klippan,105571,Skåne County,M,56.13559,13.13086,8411,,Europe__Stockholm
SE,ADM2,Klippans Kommun,165691,Skåne County,M,56.11138,13.23836,16569,,Europe__Stockholm
SE,CITY,Klågerup,105271,Skåne County,M,55.59416,13.24574,1940,,Europe__Stockholm
SE,CITY,Knislinge,105236,Skåne County,M,56.18333,14.08333,3144,,Europe__Stockholm
SE,CITY,Knivsta,106056,Uppsala County,C,59.72564,17.78753,7977,,Europe__Stockholm
SE,ADM2,Knivsta Kommun,165798,Uppsala County,C,59.73702,17.78137,14804,,Europe__Stockholm
SE,CITY,Knäred,105383,Halland County,N,56.51861,13.32423,1211,,Europe__Stockholm
SE,CITY,Kode,105210,Västra Götaland County,O,57.94263,11.85051,1605,,Europe__Stockholm
SE,CITY,Kolbäck,105730,Västmanland County,U,59.56516,16.23037,2034,,Europe__Stockholm
SE,CITY,Kolsva,105844,Västmanland County,U,59.6,15.83333,2440,,Europe__Stockholm
SE,CITY,Kopparberg,105514,Örebro County,T,59.87597,14.99436,3065,,Europe__Stockholm
SE,CITY,Kopparmora,105815,Stockholm County,AB,59.33306,18.58306,2280,,Europe__Stockholm
SE,CITY,Kramfors,105741,Västernorrland County,Y,62.93161,17.77646,6582,,Europe__Stockholm
SE,ADM2,Kramfors Kommun,165686,Västernorrland County,Y,62.97246,17.92274,18870,,Europe__Stockholm
SE,CITY,Kristdala,105422,Kalmar County,H,57.4007,16.20496,1016,,Europe__Stockholm
SE,CITY,Kristianstad,105865,Skåne County,M,56.03129,14.15242,39762,,Europe__Stockholm
SE,ADM2,Kristianstads kommun,165685,Skåne County,M,56.0,14.15,79563,,Europe__Stockholm
SE,CITY,Kristinehamn,105632,Värmland County,S,59.30978,14.10808,18557,,Europe__Stockholm
SE,ADM2,Kristinehamns Kommun,165683,Värmland County,S,59.25288,14.13593,23731,,Europe__Stockholm
SE,CITY,Krokek,105344,Östergötland County,E,58.67231,16.36741,5053,,Europe__Stockholm
SE,CITY,Krokom,105954,Jämtland County,Z,63.32589,14.44883,1953,,Europe__Stockholm
SE,ADM2,Krokoms Kommun,165678,Jämtland County,Z,63.73333,14.2,14509,,Europe__Stockholm
SE,CITY,Krylbo,106078,Dalarna County,W,60.13333,16.21667,4072,,Europe__Stockholm
SE,CITY,Kumla,105690,Örebro County,T,59.1277,15.14341,16663,,Europe__Stockholm
SE,ADM2,Kumla Kommun,165681,Örebro County,T,59.12715,15.14649,20510,,Europe__Stockholm
SE,CITY,Kummelnäs,105744,Stockholm County,AB,59.35,18.28333,3360,,Europe__Stockholm
SE,CITY,Kungsbacka,106033,Halland County,N,57.48719,12.07612,18698,,Europe__Stockholm
SE,ADM2,Kungsbacka Kommun,165680,Halland County,N,57.45058,12.15061,75210,,Europe__Stockholm
SE,CITY,Kungshamn,106077,Västra Götaland County,O,58.36305,11.25938,3657,,Europe__Stockholm
SE,CITY,Kungsholmen,105438,Stockholm County,AB,59.33183,18.04118,69363,,Europe__Stockholm
SE,CITY,Kungsängen,105570,Stockholm County,AB,59.47857,17.74834,10151,,Europe__Stockholm
SE,CITY,Kungsör,105946,Västmanland County,U,59.42245,16.09656,5885,,Europe__Stockholm
SE,ADM2,Kungsörs kommun,165682,Västmanland County,U,59.40247,16.07748,8071,,Europe__Stockholm
SE,CITY,Kungälv,105883,Västra Götaland County,O,57.87096,11.98054,24101,,Europe__Stockholm
SE,ADM2,Kungälvs Kommun,165679,Västra Götaland County,O,57.89697,11.88882,41281,,Europe__Stockholm
SE,CITY,Kvicksund,105729,Södermanland County,D,59.45099,16.32131,2179,,Europe__Stockholm
SE,CITY,Kvidinge,105935,Skåne County,M,56.13386,13.04678,1823,,Europe__Stockholm
SE,CITY,Kvissleby,105463,Västernorrland County,Y,62.29361,17.375,8785,,Europe__Stockholm
SE,CITY,Kvänum,105381,Västra Götaland County,O,58.3,13.18333,1278,,Europe__Stockholm
SE,CITY,Källby,105970,Västra Götaland County,O,58.50999,13.30582,1737,,Europe__Stockholm
SE,CITY,Kävlinge,105371,Skåne County,M,55.79188,13.11021,9320,,Europe__Stockholm
SE,ADM2,Kävlinge Kommun,165690,Skåne County,M,55.79469,13.07364,29076,,Europe__Stockholm
SE,CITY,Kåge,105723,Västerbotten County,AC,64.83571,20.98453,2376,,Europe__Stockholm
SE,CITY,Kågeröd,106071,Skåne County,M,55.99976,13.08795,1516,,Europe__Stockholm
SE,CITY,Kållered,105961,Västra Götaland County,O,57.60992,12.05106,6784,,Europe__Stockholm
SE,CITY,Köping,105214,Västmanland County,U,59.51404,15.99255,18355,,Europe__Stockholm
SE,CITY,Köpingebro,105434,Skåne County,M,55.45526,13.93453,1254,,Europe__Stockholm
SE,ADM2,Köpings Kommun,165684,Västmanland County,U,59.56639,15.87218,24874,,Europe__Stockholm
SE,CITY,Köpmanholmen,105862,Västernorrland County,Y,63.16667,18.56667,1194,,Europe__Stockholm
SE,CITY,Lagan,105629,Kronoberg County,G,56.91667,13.98333,1550,,Europe__Stockholm
SE,CITY,Laholm,105674,Halland County,N,56.51207,13.04371,6527,,Europe__Stockholm
SE,ADM2,Laholms Kommun,165677,Halland County,N,56.49174,13.19141,23341,,Europe__Stockholm
SE,CITY,Lammhult,105239,Kronoberg County,G,57.16667,14.58333,1694,,Europe__Stockholm
SE,CITY,Landsbro,105806,Jönköping County,F,57.36667,14.9,1438,,Europe__Stockholm
SE,ADM2,Landskrona,165676,Skåne County,M,55.8862,12.8588,41769,,Europe__Stockholm
SE,CITY,Landvetter,105798,Västra Götaland County,O,57.68665,12.21169,8839,,Europe__Stockholm
SE,CITY,Laxå,105905,Örebro County,T,58.9863,14.61904,3125,,Europe__Stockholm
SE,ADM2,Laxå Kommun,165674,Örebro County,T,58.90913,14.5306,5650,,Europe__Stockholm
SE,ADM2,Lekebergs Kommun,165800,Örebro County,T,59.18604,14.79796,7139,,Europe__Stockholm
SE,CITY,Leksand,105386,Dalarna County,W,60.7303,14.99994,6107,,Europe__Stockholm
SE,ADM2,Leksands kommun,165672,Dalarna County,W,60.73227,14.99805,15224,,Europe__Stockholm
SE,CITY,Lenhovda,105224,Kronoberg County,G,57.0,15.28333,1762,,Europe__Stockholm
SE,CITY,Lerum,105349,Västra Götaland County,O,57.77051,12.26904,26913,,Europe__Stockholm
SE,ADM2,Lerums Kommun,165671,Västra Götaland County,O,57.77452,12.26967,38522,,Europe__Stockholm
SE,CITY,Lessebo,105898,Kronoberg County,G,56.75185,15.26969,2857,,Europe__Stockholm
SE,ADM2,Lessebo Kommun,165673,Kronoberg County,G,56.76387,15.31359,8086,,Europe__Stockholm
SE,ADM2,Lidingö,165670,Stockholm County,AB,59.36303,18.15096,44041,,Europe__Stockholm
SE,CITY,Lidköping,105327,Västra Götaland County,O,58.50517,13.15765,22988,44,Europe__Stockholm
SE,ADM2,Lidköpings Kommun,165675,Västra Götaland County,O,58.5,13.0,38050,,Europe__Stockholm
SE,CITY,Lilla Edet,105402,Västra Götaland County,O,58.13333,12.13333,3772,,Europe__Stockholm
SE,ADM2,Lilla Edets Kommun,165669,Västra Götaland County,O,58.13569,12.14345,12551,,Europe__Stockholm
SE,CITY,Limmared,105701,Västra Götaland County,O,57.53592,13.35566,1434,,Europe__Stockholm
SE,CITY,Lindesberg,105202,Örebro County,T,59.59202,15.2304,9571,,Europe__Stockholm
SE,ADM2,Lindesbergs Kommun,165666,Örebro County,T,59.64119,15.34064,23063,,Europe__Stockholm
SE,CITY,Lindholmen,105263,Stockholm County,AB,59.58333,18.1,1146,,Europe__Stockholm
SE,CITY,Lindome,105119,Västra Götaland County,O,57.56667,12.08333,10942,,Europe__Stockholm
SE,CITY,Lindsdal,105220,Kalmar County,H,56.73333,16.3,5709,,Europe__Stockholm
SE,CITY,Lindö,105754,Östergötland County,E,58.61667,16.25,4763,,Europe__Stockholm
SE,CITY,Linghem,105750,Östergötland County,E,58.43333,15.78333,2853,,Europe__Stockholm
SE,CITY,Linköping,105102,Östergötland County,E,58.41086,15.62157,106502,45,Europe__Stockholm
SE,ADM2,Linköpings Kommun,165665,Östergötland County,E,58.41046,15.6187,146736,,Europe__Stockholm
SE,CITY,Lit,105372,Jämtland County,Z,63.32029,14.84594,1117,,Europe__Stockholm
SE,CITY,Ljungby,105508,Kronoberg County,G,56.83324,13.94082,15785,,Europe__Stockholm
SE,ADM2,Ljungby Kommun,165664,Kronoberg County,G,56.80684,13.82719,27262,,Europe__Stockholm
SE,CITY,Ljungbyhed,105766,Skåne County,M,56.07437,13.2401,2127,,Europe__Stockholm
SE,CITY,Ljungbyholm,105793,Kalmar County,H,56.63333,16.16667,1725,,Europe__Stockholm
SE,CITY,Ljunghusen,105307,Skåne County,M,55.39793,12.92486,2444,,Europe__Stockholm
SE,CITY,Ljungsbro,105219,Östergötland County,E,58.51667,15.5,6763,,Europe__Stockholm
SE,CITY,Ljungskile,105333,Västra Götaland County,O,58.22452,11.92014,3689,10,Europe__Stockholm
SE,CITY,Ljusdal,105485,Gävleborg County,X,61.82883,16.09126,7259,,Europe__Stockholm
SE,ADM2,Ljusdals Kommun,165663,Gävleborg County,X,61.85527,15.50695,19004,,Europe__Stockholm
SE,ADM2,Ljusnarsbergs Kommun,165668,Örebro County,T,59.92622,14.96499,4908,,Europe__Stockholm
SE,CITY,Ljusne,105737,Gävleborg County,X,61.2117,17.1279,1946,2,Europe__Stockholm
SE,CITY,Lomma,105370,Skåne County,M,55.67244,13.06849,12368,,Europe__Stockholm
SE,ADM2,Lomma Kommun,165667,Skåne County,M,55.70358,13.07324,21559,,Europe__Stockholm
SE,CITY,Ludvika,105165,Dalarna County,W,60.14959,15.18776,15245,,Europe__Stockholm
SE,ADM2,Ludvika Kommun,165660,Dalarna County,W,60.17114,14.72635,25778,,Europe__Stockholm
SE,CITY,Luleå,105735,Norrbotten County,BD,65.58415,22.15465,43574,6,Europe__Stockholm
SE,ADM2,Luleå kommun,165518,Norrbotten County,BD,65.68333,22.16667,74083,,Europe__Stockholm
SE,CITY,Lund,105725,Skåne County,M,55.70584,13.19321,87244,30,Europe__Stockholm
SE,ADM2,Lunds Kommun,165659,Skåne County,M,55.66897,13.36408,110824,,Europe__Stockholm
SE,CITY,Lycksele,105268,Västerbotten County,AC,64.59537,18.67351,8545,,Europe__Stockholm
SE,ADM2,Lycksele kommun,165662,Västerbotten County,AC,64.62437,18.4893,12371,,Europe__Stockholm
SE,CITY,Lysekil,105618,Västra Götaland County,O,58.27429,11.43576,7734,,Europe__Stockholm
SE,ADM2,Lysekils Kommun,165661,Västra Götaland County,O,58.34719,11.46688,14438,,Europe__Stockholm
SE,CITY,Länghem,105361,Västra Götaland County,O,57.6,13.23333,1086,,Europe__Stockholm
SE,CITY,Långsele,105486,Västernorrland County,Y,63.18333,17.06667,1642,,Europe__Stockholm
SE,CITY,Långsele,105507,Västerbotten County,AC,64.81667,20.25,1620,193,Europe__Stockholm
SE,CITY,Långshyttan,105902,Dalarna County,W,60.45238,16.03831,1609,,Europe__Stockholm
SE,CITY,Långvik,105334,Stockholm County,AB,59.24583,18.51667,1206,,Europe__Stockholm
SE,CITY,Löberöd,105921,Skåne County,M,55.7761,13.52414,1251,,Europe__Stockholm
SE,CITY,Löddeköpinge,106005,Skåne County,M,55.76667,13.01667,6481,,Europe__Stockholm
SE,CITY,Lödöse,105164,Västra Götaland County,O,58.02994,12.15934,1540,,Europe__Stockholm
SE,CITY,Lönsboda,105246,Skåne County,M,56.4,14.31667,1986,,Europe__Stockholm
SE,CITY,Lövgärdet,106264,Västra Götaland County,O,57.81555,12.03861,7113,,Europe__Stockholm
SE,CITY,Lövstalöt,105533,Uppsala County,C,59.9574,17.57826,1399,,Europe__Stockholm
SE,CITY,Majorna,106225,Västra Götaland County,O,57.69195,11.91605,29254,10,Europe__Stockholm
SE,CITY,Malmberget,105183,Norrbotten County,BD,67.17529,20.65495,6017,,Europe__Stockholm
SE,CITY,Malmbäck,105187,Jönköping County,F,57.57667,14.4617,1087,,Europe__Stockholm
SE,CITY,Malmköping,105133,Södermanland County,D,59.13333,16.73333,2106,,Europe__Stockholm
SE,CITY,Malmslätt,105813,Östergötland County,E,58.41102,15.51647,5074,,Europe__Stockholm
SE,CITY,Malmö,105218,Skåne County,M,55.60587,13.00073,301706,10,Europe__Stockholm
SE,CITY,Malung,105301,Dalarna County,W,60.68329,13.71542,4927,,Europe__Stockholm
SE,ADM2,Malung-Sälens kommun,165656,Dalarna County,W,60.56667,13.66667,10339,,Europe__Stockholm
SE,CITY,Malå,105336,Västerbotten County,AC,65.18501,18.74243,2043,,Europe__Stockholm
SE,ADM2,Malå Kommun,165657,Västerbotten County,AC,65.2,18.75,3196,,Europe__Stockholm
SE,CITY,Mantorp,105261,Östergötland County,E,58.35,15.28333,3781,,Europe__Stockholm
SE,CITY,Mariannelund,105791,Jönköping County,F,57.61667,15.56667,1503,,Europe__Stockholm
SE,CITY,Marieberg,105404,Uppsala County,C,60.23333,18.5,1181,14,Europe__Stockholm
SE,CITY,Mariefred,105424,Södermanland County,D,59.25963,17.223,3911,,Europe__Stockholm
SE,CITY,Marieholm,105589,Jönköping County,F,57.38333,13.85,1578,,Europe__Stockholm
SE,CITY,Marieholm,105732,Skåne County,M,55.86667,13.15,1604,,Europe__Stockholm
SE,CITY,Marielund,106161,Norrbotten County,BD,65.85307,24.10486,1726,,Europe__Stockholm
SE,CITY,Mariestad,105812,Västra Götaland County,O,58.70971,13.82367,16122,56,Europe__Stockholm
SE,ADM2,Mariestads Kommun,165658,Västra Götaland County,O,58.70861,13.85424,23756,,Europe__Stockholm
SE,CITY,Markaryd,105231,Kronoberg County,G,56.46135,13.59644,4664,,Europe__Stockholm
SE,ADM2,Markaryds Kommun,165655,Kronoberg County,G,56.54425,13.62348,9599,,Europe__Stockholm
SE,ADM2,Marks Kommun,165654,Västra Götaland County,O,57.47604,12.59462,33873,,Europe__Stockholm
SE,CITY,Matfors,106066,Västernorrland County,Y,62.34864,17.03173,3437,,Europe__Stockholm
SE,CITY,Mellbystrand,105983,Halland County,N,56.48561,12.93958,3412,,Europe__Stockholm
SE,CITY,Mellerud,105950,Västra Götaland County,O,58.69979,12.45312,3797,,Europe__Stockholm
SE,ADM2,Melleruds Kommun,165652,Västra Götaland County,O,58.6911,12.41399,9119,,Europe__Stockholm
SE,CITY,Mjällby,105305,Halland County,N,56.68333,12.76667,1272,23,Europe__Stockholm
SE,CITY,Mjällby,105924,Blekinge,K,56.05,14.68333,1319,,Europe__Stockholm
SE,CITY,Mjölby,106004,Östergötland County,E,58.32595,15.12365,12858,,Europe__Stockholm
SE,ADM2,Mjölby Kommun,165647,Östergötland County,E,58.34576,15.13853,25887,,Europe__Stockholm
SE,CITY,Mockfjärd,105914,Dalarna County,W,60.5,14.96667,1920,,Europe__Stockholm
SE,CITY,Moheda,105641,Kronoberg County,G,57.0,14.56667,1880,,Europe__Stockholm
SE,CITY,Molkom,105931,Värmland County,S,59.60057,13.72115,1896,,Europe__Stockholm
SE,CITY,Mora,106002,Dalarna County,W,61.00704,14.54316,12602,,Europe__Stockholm
SE,ADM2,Mora Kommun,165649,Dalarna County,W,61.00656,14.53755,20133,,Europe__Stockholm
SE,CITY,Morgongåva,105502,Uppsala County,C,59.93395,16.96353,1441,,Europe__Stockholm
SE,CITY,Motala,105365,Östergötland County,E,58.53706,15.03649,30944,89,Europe__Stockholm
SE,ADM2,Motala Kommun,165645,Östergötland County,E,58.65131,15.19105,41940,,Europe__Stockholm
SE,CITY,Mullsjö,105139,Jönköping County,F,57.9171,13.87831,5584,,Europe__Stockholm
SE,ADM2,Mullsjö kommun,165641,Jönköping County,F,57.95427,13.82241,7016,,Europe__Stockholm
SE,CITY,Munka-Ljungby,105145,Skåne County,M,56.25,12.96667,3148,,Europe__Stockholm
SE,CITY,Munkedal,105907,Västra Götaland County,O,58.46634,11.67345,3910,,Europe__Stockholm
SE,ADM2,Munkedals Kommun,165643,Västra Götaland County,O,58.57334,11.70103,10179,,Europe__Stockholm
SE,CITY,Munkfors,105323,Värmland County,S,59.83856,13.54361,2834,,Europe__Stockholm
SE,ADM2,Munkfors Kommun,165646,Värmland County,S,59.81625,13.49458,3756,,Europe__Stockholm
SE,CITY,Myggenäs,106030,Västra Götaland County,O,58.06176,11.74936,1460,,Europe__Stockholm
SE,CITY,Märsta,106028,Stockholm County,AB,59.62157,17.85476,27034,19,Europe__Stockholm
SE,CITY,Målilla,105444,Kalmar County,H,57.38773,15.80675,1348,,Europe__Stockholm
SE,CITY,Mölltorp,105953,Västra Götaland County,O,58.5,14.4,1047,,Europe__Stockholm
SE,CITY,Mölnbo,105718,Stockholm County,AB,59.05,17.41667,1089,,Europe__Stockholm
SE,CITY,Mölndal,105454,Västra Götaland County,O,57.6554,12.01378,59430,,Europe__Stockholm
SE,ADM2,Mölndals kommun,165650,Västra Götaland County,O,57.60256,12.09889,61025,,Europe__Stockholm
SE,CITY,Mölnlycke,105559,Västra Götaland County,O,57.65893,12.11792,17579,55,Europe__Stockholm
SE,CITY,Mönsterås,106093,Kalmar County,H,57.04134,16.44463,4998,,Europe__Stockholm
SE,ADM2,Mönsterås Kommun,165648,Kalmar County,H,57.06625,16.38621,12855,,Europe__Stockholm
SE,CITY,Mörarp,106034,Skåne County,M,56.05749,12.88018,1935,,Europe__Stockholm
SE,CITY,Mörbylånga,105671,Kalmar County,H,56.5248,16.37877,1824,,Europe__Stockholm
SE,ADM2,Mörbylånga Kommun,165651,Kalmar County,H,56.5,16.5,14046,,Europe__Stockholm
SE,CITY,Mörrum,105594,Blekinge,K,56.19281,14.74739,3903,,Europe__Stockholm
SE,CITY,Mörtnäs,105515,Stockholm County,AB,59.31862,18.44312,1291,,Europe__Stockholm
SE,CITY,Nacka,105652,Stockholm County,AB,59.31053,18.16372,25170,,Europe__Stockholm
SE,ADM2,Nacka Kommun,165642,Stockholm County,AB,59.31077,18.17551,90401,,Europe__Stockholm
SE,CITY,Njurundabommen,105645,Västernorrland County,Y,62.26339,17.38354,1959,,Europe__Stockholm
SE,CITY,Nolby,106052,Västernorrland County,Y,62.2875,17.36917,1200,,Europe__Stockholm
SE,CITY,Nolvik,106232,Västra Götaland County,O,57.775,11.83333,1373,,Europe__Stockholm
SE,CITY,Nora,105822,Örebro County,T,59.51926,15.03979,6597,,Europe__Stockholm
SE,ADM2,Nora Kommun,165638,Örebro County,T,59.53456,14.90777,10472,,Europe__Stockholm
SE,CITY,Norberg,105706,Västmanland County,U,60.06505,15.92366,4653,,Europe__Stockholm
SE,ADM2,Norbergs Kommun,165637,Västmanland County,U,60.08997,15.95971,5683,,Europe__Stockholm
SE,ADM2,Nordanstigs kommun,165639,Gävleborg County,X,62.05261,16.91378,9557,,Europe__Stockholm
SE,CITY,Nordmaling,105435,Västerbotten County,AC,63.56852,19.50244,2671,,Europe__Stockholm
SE,ADM2,Nordmalings Kommun,165640,Västerbotten County,AC,63.68542,19.36777,7085,,Europe__Stockholm
SE,CITY,Norra Åsum,105137,Skåne County,M,55.98333,14.15,1248,,Europe__Stockholm
SE,CITY,Norrfjärden,105254,Norrbotten County,BD,65.41805,21.50151,1562,,Europe__Stockholm
SE,CITY,Norrköping,105886,Östergötland County,E,58.59419,16.1826,93765,0,Europe__Stockholm
SE,ADM2,Norrköpings Kommun,165636,Östergötland County,E,58.61139,16.32092,130099,,Europe__Stockholm
SE,CITY,Norrtälje,105535,Stockholm County,AB,59.75799,18.70496,19365,13,Europe__Stockholm
SE,ADM2,Norrtälje Kommun,165635,Stockholm County,AB,59.8612,18.70573,56113,,Europe__Stockholm
SE,CITY,Norsjö,106007,Västerbotten County,AC,64.91206,19.48153,2057,,Europe__Stockholm
SE,ADM2,Norsjö Kommun,165634,Västerbotten County,AC,64.92993,19.55556,4280,,Europe__Stockholm
SE,CITY,Nossebro,105648,Västra Götaland County,O,58.18808,12.71599,1884,,Europe__Stockholm
SE,CITY,Nybro,105155,Kalmar County,H,56.74461,15.90714,13039,,Europe__Stockholm
SE,ADM2,Nybro Kommun,165633,Kalmar County,H,56.82435,15.88969,19612,,Europe__Stockholm
SE,CITY,Nyhammar,105680,Dalarna County,W,60.28333,14.96667,1052,,Europe__Stockholm
SE,CITY,Nykvarn,105208,Stockholm County,AB,59.8,18.3,6032,33,Europe__Stockholm
SE,ADM2,Nykvarns Kommun,165797,Stockholm County,AB,59.19479,17.40632,9318,,Europe__Stockholm
SE,CITY,Nyköping,105264,Södermanland County,D,58.753,17.00788,32224,20,Europe__Stockholm
SE,ADM2,Nyköpings Kommun,165629,Södermanland County,D,58.81762,16.89945,51628,,Europe__Stockholm
SE,CITY,Nynäshamn,105281,Stockholm County,AB,58.90337,17.94793,14532,,Europe__Stockholm
SE,ADM2,Nynäshamns kommun,165632,Stockholm County,AB,58.95607,17.88694,26062,,Europe__Stockholm
SE,CITY,Nässjö,105679,Jönköping County,F,57.65307,14.69676,17719,,Europe__Stockholm
SE,ADM2,Nässjö Kommun,165644,Jönköping County,F,57.60892,14.64041,29347,,Europe__Stockholm
SE,CITY,Näsum,105955,Skåne County,M,56.17693,14.49706,1307,,Europe__Stockholm
SE,CITY,Nättraby,105289,Blekinge,K,56.2,15.51667,3284,,Europe__Stockholm
SE,CITY,Obbola,106025,Västerbotten County,AC,63.7,20.31667,2173,,Europe__Stockholm
SE,CITY,Ockelbo,105318,Gävleborg County,X,60.8912,16.71846,2875,,Europe__Stockholm
SE,ADM2,Ockelbo Kommun,165628,Gävleborg County,X,60.94179,16.57003,5946,,Europe__Stockholm
SE,CITY,Odensbacken,105841,Örebro County,T,59.16667,15.53333,1378,,Europe__Stockholm
SE,CITY,Odensjö,105469,Jönköping County,F,57.71667,14.16667,2646,,Europe__Stockholm
SE,CITY,Olofstorp,105917,Västra Götaland County,O,57.80444,12.17131,3746,137,Europe__Stockholm
SE,CITY,Olofström,105968,Blekinge,K,56.2773,14.53402,7526,,Europe__Stockholm
SE,ADM2,Olofströms Kommun,165627,Blekinge,K,56.32305,14.56561,12936,,Europe__Stockholm
SE,CITY,Olstorp,105761,Södermanland County,D,58.81667,16.63333,1017,21,Europe__Stockholm
SE,CITY,Olstorp,107067,Västra Götaland County,O,57.82277,12.27696,1017,,Europe__Stockholm
SE,CITY,Onsala,106629,Halland County,N,57.42531,12.02903,12275,,Europe__Stockholm
SE,CITY,Ornäs,105471,Dalarna County,W,60.50944,15.54128,1083,,Europe__Stockholm
SE,CITY,Orsa,105882,Dalarna County,W,61.12034,14.6155,5349,166,Europe__Stockholm
SE,ADM2,Orsa Kommun,165622,Dalarna County,W,61.3,14.75,6896,,Europe__Stockholm
SE,ADM2,Orust,165626,Västra Götaland County,O,58.18025,11.63419,15177,,Europe__Stockholm
SE,CITY,Osby,106022,Skåne County,M,56.38165,13.99364,7554,,Europe__Stockholm
SE,ADM2,Osby kommun,165624,Skåne County,M,56.44081,14.11842,12687,,Europe__Stockholm
SE,CITY,Oskarshamn,105892,Kalmar County,H,57.26455,16.44837,18287,,Europe__Stockholm
SE,ADM2,Oskarshamns Kommun,165621,Kalmar County,H,57.37339,16.38303,26146,,Europe__Stockholm
SE,CITY,Oskarström,105400,Halland County,N,56.8,12.96667,4172,,Europe__Stockholm
SE,ADM2,Ovanåkers Kommun,165615,Gävleborg County,X,61.33328,15.78067,11440,,Europe__Stockholm
SE,CITY,Oxelösund,105592,Södermanland County,D,58.67057,17.10152,11157,,Europe__Stockholm
SE,ADM2,Oxelösunds Kommun,165613,Södermanland County,D,58.67519,17.08406,11218,,Europe__Stockholm
SE,CITY,Oxie,105237,Skåne County,M,55.54014,13.09605,12665,,Europe__Stockholm
SE,CITY,Pajala,105460,Norrbotten County,BD,67.21284,23.36607,2032,,Europe__Stockholm
SE,ADM2,Pajala Kommun,165515,Norrbotten County,BD,67.24069,22.91667,6279,,Europe__Stockholm
SE,CITY,Partille,105903,Västra Götaland County,O,57.7395,12.10642,28648,,Europe__Stockholm
SE,ADM2,Partille Kommun,165614,Västra Götaland County,O,57.73306,12.13072,35268,,Europe__Stockholm
SE,CITY,Pershagen,105176,Stockholm County,AB,59.15494,17.6534,2235,33,Europe__Stockholm
SE,CITY,Perstorp,105588,Skåne County,M,56.13829,13.39476,5847,,Europe__Stockholm
SE,ADM2,Perstorps Kommun,165612,Skåne County,M,56.18857,13.37681,7113,,Europe__Stockholm
SE,CITY,Piteå,106081,Norrbotten County,BD,65.31717,21.47944,23067,,Europe__Stockholm
SE,ADM2,Piteå Kommun,165516,Norrbotten County,BD,65.37229,20.85153,40854,,Europe__Stockholm
SE,CITY,Påarp,105600,Skåne County,M,56.03333,12.81667,2932,,Europe__Stockholm
SE,CITY,Pålsboda,105450,Örebro County,T,59.06565,15.33747,1610,,Europe__Stockholm
SE,CITY,Påskallavik,105230,Kalmar County,H,57.16667,16.45,1099,,Europe__Stockholm
SE,ADM2,Ragunda Kommun,165611,Jämtland County,Z,63.19208,16.14989,5558,,Europe__Stockholm
SE,CITY,Ramnäs,106010,Västmanland County,U,59.76667,16.2,1333,,Europe__Stockholm
SE,CITY,Rannebergen,106336,Västra Götaland County,O,57.80236,12.07131,4364,100,Europe__Stockholm
SE,CITY,Reftele,105988,Jönköping County,F,57.17467,13.59498,1289,,Europe__Stockholm
SE,CITY,Resarö,105296,Stockholm County,AB,59.4291,18.33386,3249,,Europe__Stockholm
SE,CITY,Rimbo,105500,Stockholm County,AB,59.75,18.36667,4882,,Europe__Stockholm
SE,CITY,Rimforsa,105269,Östergötland County,E,58.13624,15.6865,2259,,Europe__Stockholm
SE,CITY,Rindö,105708,Stockholm County,AB,59.39688,18.39434,1100,,Europe__Stockholm
SE,CITY,Rinkabyholm,105253,Kalmar County,H,56.64972,16.26667,1631,,Europe__Stockholm
SE,CITY,Robertsfors,105842,Västerbotten County,AC,64.19324,20.84806,2030,,Europe__Stockholm
SE,ADM2,Robertsfors Kommun,165513,Västerbotten County,AC,64.16604,20.78415,6809,,Europe__Stockholm
SE,CITY,Roknäs,105984,Norrbotten County,BD,65.35,21.2,1259,,Europe__Stockholm
SE,CITY,Rolfs,105928,Norrbotten County,BD,65.85,23.11667,1001,,Europe__Stockholm
SE,CITY,Romme,105782,Dalarna County,W,60.43333,15.5,1735,,Europe__Stockholm
SE,CITY,Ronneby,105287,Blekinge,K,56.20999,15.27602,12612,,Europe__Stockholm
SE,ADM2,Ronneby Kommun,165609,Blekinge,K,56.31031,15.24038,28146,,Europe__Stockholm
SE,CITY,Rosersberg,105919,Stockholm County,AB,59.58333,17.88333,1765,,Europe__Stockholm
SE,CITY,Rosvik,105130,Norrbotten County,BD,65.43333,21.7,1848,,Europe__Stockholm
SE,CITY,Rottne,105521,Kronoberg County,G,57.01667,14.9,2395,,Europe__Stockholm
SE,CITY,Ryd,105223,Kronoberg County,G,56.46667,14.68333,1474,,Europe__Stockholm
SE,CITY,Ryd,105418,Östergötland County,E,58.66667,15.08333,1446,,Europe__Stockholm
SE,CITY,Rydaholm,105136,Jönköping County,F,56.98388,14.30849,1587,,Europe__Stockholm
SE,CITY,Rydebäck,105366,Skåne County,M,55.96667,12.76667,5904,,Europe__Stockholm
SE,CITY,Rydsgård,105335,Skåne County,M,55.47285,13.58829,1383,,Europe__Stockholm
SE,CITY,Rättvik,105302,Dalarna County,W,60.88632,15.11787,5160,166,Europe__Stockholm
SE,ADM2,Rättviks Kommun,165610,Dalarna County,W,60.88632,15.11787,10802,,Europe__Stockholm
SE,CITY,Rävlanda,105920,Västra Götaland County,O,57.65338,12.49791,1522,,Europe__Stockholm
SE,CITY,Råneå,105324,Norrbotten County,BD,65.85482,22.29126,1966,,Europe__Stockholm
SE,CITY,Råsunda,105957,Stockholm County,AB,59.36588,17.99569,16877,,Europe__Stockholm
SE,CITY,Råtorp,105768,Värmland County,S,59.40197,13.49144,3287,,Europe__Stockholm
SE,CITY,Röbäck,105836,Västerbotten County,AC,63.80879,20.18901,2460,,Europe__Stockholm
SE,CITY,Rödeby,105146,Blekinge,K,56.26078,15.62143,3508,,Europe__Stockholm
SE,CITY,Rönninge,106020,Stockholm County,AB,59.2,17.73333,1956,,Europe__Stockholm
SE,CITY,Rönnäng,106040,Västra Götaland County,O,57.93333,11.58333,1551,,Europe__Stockholm
SE,CITY,Sala,105590,Västmanland County,U,59.91993,16.60655,13087,,Europe__Stockholm
SE,ADM2,Sala kommun,165607,Västmanland County,U,59.97221,16.47374,21549,,Europe__Stockholm
SE,ADM2,Salems Kommun,165608,Stockholm County,AB,59.24572,17.69875,15431,,Europe__Stockholm
SE,CITY,Saltsjöbaden,105975,Stockholm County,AB,59.28333,18.3,9477,,Europe__Stockholm
SE,CITY,Sandared,105316,Västra Götaland County,O,57.70992,12.79238,2993,,Europe__Stockholm
SE,CITY,Sandarne,105739,Gävleborg County,X,61.25893,17.15284,1681,,Europe__Stockholm
SE,CITY,Sandviken,105843,Gävleborg County,X,60.61667,16.76667,24724,,Europe__Stockholm
SE,ADM2,Sandvikens Kommun,165605,Gävleborg County,X,60.55029,16.68461,36954,,Europe__Stockholm
SE,CITY,Saxtorpsskogen,106849,Skåne County,M,55.83208,12.94429,1174,,Europe__Stockholm
SE,CITY,Segeltorp,105322,Stockholm County,AB,59.27597,17.93072,10536,,Europe__Stockholm
SE,CITY,Sibbhult,105180,Skåne County,M,56.26667,14.2,1431,,Europe__Stockholm
SE,CITY,Sigtuna,105154,Stockholm County,AB,59.61731,17.72361,9074,,Europe__Stockholm
SE,ADM2,Sigtuna Kommun,165603,Stockholm County,AB,59.6396,17.93946,40487,,Europe__Stockholm
SE,CITY,Siljansnäs,105982,Dalarna County,W,60.78333,14.85,1274,,Europe__Stockholm
SE,CITY,Simrishamn,105616,Skåne County,M,55.55653,14.35037,6779,,Europe__Stockholm
SE,ADM2,Simrishamns kommun,165602,Skåne County,M,55.58621,14.23778,19244,,Europe__Stockholm
SE,CITY,Sjuntorp,105944,Västra Götaland County,O,58.2,12.21667,2213,,Europe__Stockholm
SE,CITY,Sjöbo,105441,Skåne County,M,55.63135,13.70622,7910,,Europe__Stockholm
SE,ADM2,Sjöbo Kommun,165599,Skåne County,M,55.65146,13.75557,18144,,Europe__Stockholm
SE,CITY,Sjömarken,105520,Västra Götaland County,O,57.71533,12.83495,2596,,Europe__Stockholm
SE,CITY,Skanör med Falsterbo,106809,Skåne County,M,55.4,12.85,7077,,Europe__Stockholm
SE,CITY,Skara,105478,Västra Götaland County,O,58.38659,13.43836,11437,,Europe__Stockholm
SE,ADM2,Skara Kommun,165600,Västra Götaland County,O,58.37759,13.47548,18269,,Europe__Stockholm
SE,CITY,Skattkärr,105607,Värmland County,S,59.41208,13.67078,1979,,Europe__Stockholm
SE,CITY,Skegrie,105538,Skåne County,M,55.40633,13.07693,1156,,Europe__Stockholm
SE,CITY,Skelleftehamn,105849,Västerbotten County,AC,64.68333,21.23333,3069,,Europe__Stockholm
SE,CITY,Skellefteå,105895,Västerbotten County,AC,64.75067,20.95279,35516,,Europe__Stockholm
SE,ADM2,Skellefteå Kommun,165512,Västerbotten County,AC,64.80261,20.6441,71774,,Europe__Stockholm
SE,CITY,Skepplanda,105255,Västra Götaland County,O,57.98333,12.2,1821,,Europe__Stockholm
SE,CITY,Skillingaryd,105321,Jönköping County,F,57.43044,14.09383,3965,,Europe__Stockholm
SE,CITY,Skinnskatteberg,105965,Västmanland County,U,59.83028,15.69337,2383,,Europe__Stockholm
SE,ADM2,Skinnskattebergs Kommun,165597,Västmanland County,U,59.79715,15.71463,4396,,Europe__Stockholm
SE,CITY,Skivarp,105637,Skåne County,M,55.41667,13.56667,1258,,Europe__Stockholm
SE,CITY,Skoghall,105665,Värmland County,S,59.32324,13.46552,13605,,Europe__Stockholm
SE,CITY,Skogstorp,105448,Södermanland County,D,59.32472,16.48284,2180,,Europe__Stockholm
SE,CITY,Skottsund,105770,Västernorrland County,Y,62.29056,17.38694,1052,,Europe__Stockholm
SE,CITY,Skrea,106008,Halland County,N,56.88333,12.56667,1846,,Europe__Stockholm
SE,CITY,Skultorp,105569,Västra Götaland County,O,58.35,13.83333,3644,,Europe__Stockholm
SE,CITY,Skultuna,105378,Västmanland County,U,59.71667,16.41667,3378,,Europe__Stockholm
SE,CITY,Skurup,105100,Skåne County,M,55.47839,13.50186,8040,,Europe__Stockholm
SE,ADM2,Skurups Kommun,165598,Skåne County,M,55.47322,13.5455,14954,,Europe__Stockholm
SE,CITY,Skutskär,105835,Uppsala County,C,60.62507,17.41552,6279,5,Europe__Stockholm
SE,CITY,Skänninge,105505,Stockholm County,AB,59.93333,18.48333,3242,,Europe__Stockholm
SE,CITY,Skänninge,105990,Östergötland County,E,58.39427,15.08659,3358,,Europe__Stockholm
SE,CITY,Skärblacka,105655,Östergötland County,E,58.56667,15.9,4023,,Europe__Stockholm
SE,CITY,Skärhamn,106087,Västra Götaland County,O,57.98665,11.55742,3495,,Europe__Stockholm
SE,CITY,Skåre,105668,Skåne County,M,55.38333,13.05,5173,,Europe__Stockholm
SE,CITY,Skåre,105796,Värmland County,S,59.43333,13.43333,5444,,Europe__Stockholm
SE,CITY,Sköllersta,106076,Örebro County,T,59.13738,15.3394,1079,,Europe__Stockholm
SE,CITY,Skövde,105185,Västra Götaland County,O,58.39118,13.84506,36842,,Europe__Stockholm
SE,ADM2,Skövde Kommun,165596,Västra Götaland County,O,58.43488,13.90358,51446,,Europe__Stockholm
SE,CITY,Slottsbron,105943,Värmland County,S,59.3227,13.10268,1010,,Europe__Stockholm
SE,CITY,Smedby,105132,Kalmar County,H,56.67413,16.2432,3607,,Europe__Stockholm
SE,CITY,Smedby,105399,Dalarna County,W,60.7,15.05,3530,,Europe__Stockholm
SE,CITY,Smedjebacken,105894,Dalarna County,W,60.14181,15.41416,5258,,Europe__Stockholm
SE,ADM2,Smedjebackens Kommun,165595,Dalarna County,W,60.09475,15.45204,10719,,Europe__Stockholm
SE,CITY,Smygehamn,105528,Skåne County,M,55.34337,13.36989,1297,,Europe__Stockholm
SE,CITY,Smålandsstenar,106003,Jönköping County,F,57.16241,13.41212,4564,,Europe__Stockholm
SE,CITY,Smögen,105541,Västra Götaland County,O,58.35593,11.22411,1292,,Europe__Stockholm
SE,CITY,Sollebrunn,105414,Västra Götaland County,O,58.11667,12.53333,1482,,Europe__Stockholm
SE,CITY,Sollefteå,105960,Västernorrland County,Y,63.16667,17.26667,7399,,Europe__Stockholm
SE,ADM2,Sollefteå Kommun,165590,Västernorrland County,Y,63.38333,16.91667,20188,,Europe__Stockholm
SE,CITY,Sollentuna,105542,Stockholm County,AB,59.42804,17.95093,139606,,Europe__Stockholm
SE,ADM2,Sollentuna Kommun,165591,Stockholm County,AB,59.44499,17.93518,65047,,Europe__Stockholm
SE,CITY,Solna,105099,Stockholm County,AB,59.36004,18.00086,66909,,Europe__Stockholm
SE,ADM2,Solna Kommun,165589,Stockholm County,AB,59.36548,18.00728,68806,,Europe__Stockholm
SE,CITY,Sorsele,105941,Västerbotten County,AC,65.53484,17.53702,1175,,Europe__Stockholm
SE,ADM2,Sorsele Kommun,165587,Västerbotten County,AC,65.75,16.75,2718,,Europe__Stockholm
SE,ADM2,Sotenäs Kommun,165585,Västra Götaland County,O,58.42215,11.34296,9021,,Europe__Stockholm
SE,CITY,Staffanstorp,105736,Skåne County,M,55.64277,13.20638,15373,,Europe__Stockholm
SE,ADM2,Staffanstorps Kommun,165586,Skåne County,M,55.65,13.2,22290,,Europe__Stockholm
SE,CITY,Stallarholmen,105332,Södermanland County,D,59.36667,17.2,1671,,Europe__Stockholm
SE,CITY,Stavsnäs,105667,Stockholm County,AB,59.28333,18.68333,1784,,Europe__Stockholm
SE,CITY,Stehag,105577,Skåne County,M,55.90188,13.39577,1191,,Europe__Stockholm
SE,CITY,Stenhamra,105233,Stockholm County,AB,59.3344,17.68842,3588,,Europe__Stockholm
SE,CITY,Steninge,105644,Halland County,N,56.769,12.63034,1112,,Europe__Stockholm
SE,CITY,Stenkullen,105203,Västra Götaland County,O,57.79476,12.31688,2000,,Europe__Stockholm
SE,CITY,Stenstorp,105545,Östergötland County,E,58.48333,15.06667,1630,,Europe__Stockholm
SE,CITY,Stenstorp,106065,Västra Götaland County,O,58.27254,13.71454,1823,,Europe__Stockholm
SE,CITY,Stenungsund,105985,Västra Götaland County,O,58.07046,11.8181,13093,,Europe__Stockholm
SE,ADM2,Stenungsunds Kommun,165584,Västra Götaland County,O,58.06248,11.90473,24382,,Europe__Stockholm
SE,CITY,Stigtomta,105956,Södermanland County,D,58.8,16.78333,1949,,Europe__Stockholm
SE,CITY,Stockaryd,105490,Jönköping County,F,57.31737,14.59341,1019,,Europe__Stockholm
SE,CITY,Stockholm,105390,Stockholm County,AB,59.32938,18.06871,1515017,,Europe__Stockholm
SE,ADM2,Stockholms Kommun,165583,Stockholm County,AB,59.32478,18.06427,851155,,Europe__Stockholm
SE,CITY,Stockvik,105603,Västernorrland County,Y,62.33667,17.36583,2532,,Europe__Stockholm
SE,CITY,Stora Höga,106029,Västra Götaland County,O,58.01667,11.83333,2846,,Europe__Stockholm
SE,CITY,Storebro,105846,Kalmar County,H,57.58333,15.85,1011,,Europe__Stockholm
SE,CITY,Storfors,105785,Värmland County,S,59.53183,14.27201,2218,,Europe__Stockholm
SE,ADM2,Storfors Kommun,165582,Värmland County,S,59.49478,14.24733,4266,,Europe__Stockholm
SE,CITY,Storuman,105790,Västerbotten County,AC,65.0959,17.11731,2188,,Europe__Stockholm
SE,ADM2,Storumans Kommun,165578,Västerbotten County,AC,65.45192,16.2581,6091,,Europe__Stockholm
SE,CITY,Storvik,105789,Västerbotten County,AC,65.15,20.73333,2251,,Europe__Stockholm
SE,CITY,Storvik,105803,Gävleborg County,X,60.58333,16.53333,2202,,Europe__Stockholm
SE,CITY,Storvreta,105929,Uppsala County,C,59.95933,17.70588,6340,,Europe__Stockholm
SE,CITY,Storå,105872,Örebro County,T,59.71409,15.13169,1967,,Europe__Stockholm
SE,CITY,Strängnäs,105662,Södermanland County,D,59.37741,17.03119,13693,,Europe__Stockholm
SE,ADM2,Strängnäs Kommun,165579,Södermanland County,D,59.36109,17.08804,32444,,Europe__Stockholm
SE,CITY,Strömma,105974,Stockholm County,AB,59.28333,18.53333,2468,,Europe__Stockholm
SE,CITY,Strömsnäsbruk,105405,Kronoberg County,G,56.55,13.71667,2246,,Europe__Stockholm
SE,CITY,Strömstad,106009,Västra Götaland County,O,58.93945,11.1712,7176,,Europe__Stockholm
SE,ADM2,Strömstads Kommun,165580,Västra Götaland County,O,58.94891,11.25543,11839,,Europe__Stockholm
SE,CITY,Strömsund,105242,Jämtland County,Z,63.85206,15.55583,3690,,Europe__Stockholm
SE,ADM2,Strömsunds kommun,165581,Jämtland County,Z,64.24879,15.29369,12207,,Europe__Stockholm
SE,CITY,Strövelstorp,105627,Skåne County,M,56.16979,12.83925,1207,,Europe__Stockholm
SE,CITY,Sturefors,105986,Östergötland County,E,58.33333,15.73333,2228,,Europe__Stockholm
SE,CITY,Sturkö,105178,Blekinge,K,56.08333,15.7,1325,,Europe__Stockholm
SE,CITY,Styrsö,105212,Västra Götaland County,O,57.61639,11.78556,1324,,Europe__Stockholm
SE,CITY,Stångby,105453,Skåne County,M,55.7503,13.19797,1943,,Europe__Stockholm
SE,CITY,Stöpen,105912,Västra Götaland County,O,58.47802,13.86611,1373,,Europe__Stockholm
SE,CITY,Sundbyberg,105715,Stockholm County,AB,59.36128,17.97114,34529,,Europe__Stockholm
SE,ADM2,Sundbybergs Kommun,165573,Stockholm County,AB,59.36669,17.9702,38977,,Europe__Stockholm
SE,CITY,Sundsbruk,106043,Västernorrland County,Y,62.45806,17.34889,2098,,Europe__Stockholm
SE,CITY,Sundsvall,105362,Västernorrland County,Y,62.39129,17.3063,57606,,Europe__Stockholm
SE,ADM2,Sundsvalls Kommun,165571,Västernorrland County,Y,62.47912,16.92651,95704,,Europe__Stockholm
SE,CITY,Sunne,105142,Värmland County,S,59.83764,13.14302,5026,,Europe__Stockholm
SE,ADM2,Sunne Kommun,165575,Värmland County,S,59.90378,13.0442,13184,,Europe__Stockholm
SE,CITY,Surahammar,105331,Västmanland County,U,59.70725,16.22188,6270,,Europe__Stockholm
SE,ADM2,Surahammars Kommun,165577,Västmanland County,U,59.77487,16.11885,9908,,Europe__Stockholm
SE,CITY,Surte,106014,Västra Götaland County,O,57.82533,12.01604,6003,,Europe__Stockholm
SE,CITY,Svalsta,105157,Södermanland County,D,58.74273,16.86978,1095,,Europe__Stockholm
SE,CITY,Svalöv,105457,Skåne County,M,55.9134,13.10762,3852,,Europe__Stockholm
SE,ADM2,Svalövs Kommun,165572,Skåne County,M,55.96497,13.13173,13232,,Europe__Stockholm
SE,CITY,Svanesund,105288,Västra Götaland County,O,58.14292,11.81821,1946,,Europe__Stockholm
SE,CITY,Svedala,105870,Skåne County,M,55.50788,13.23515,11796,,Europe__Stockholm
SE,ADM2,Svedala Kommun,165576,Skåne County,M,55.54324,13.26859,19822,,Europe__Stockholm
SE,CITY,Sveg,105810,Jämtland County,Z,62.03407,14.36577,2543,,Europe__Stockholm
SE,CITY,Svenljunga,105523,Västra Götaland County,O,57.49551,13.11078,3592,,Europe__Stockholm
SE,ADM2,Svenljunga Kommun,165574,Västra Götaland County,O,57.39249,13.05216,10298,,Europe__Stockholm
SE,CITY,Svängsta,105969,Blekinge,K,56.26667,14.76667,1904,,Europe__Stockholm
SE,CITY,Svärdsjö,105738,Dalarna County,W,60.74022,15.90173,1335,,Europe__Stockholm
SE,CITY,Svärtinge,105482,Östergötland County,E,58.65507,16.02823,3326,,Europe__Stockholm
SE,CITY,Säffle,105423,Värmland County,S,59.13229,12.92888,9150,,Europe__Stockholm
SE,ADM2,Säffle Kommun,165606,Värmland County,S,59.19559,12.86437,15494,,Europe__Stockholm
SE,CITY,Särö,105743,Halland County,N,57.50577,11.9321,2982,,Europe__Stockholm
SE,CITY,Säter,105802,Dalarna County,W,60.34778,15.75051,4613,,Europe__Stockholm
SE,ADM2,Säters Kommun,165601,Dalarna County,W,60.36887,15.71383,10827,,Europe__Stockholm
SE,CITY,Sätila,106096,Västra Götaland County,O,57.54172,12.43429,1210,,Europe__Stockholm
SE,CITY,Sätofta,105579,Skåne County,M,55.91667,13.55,1160,,Europe__Stockholm
SE,CITY,Sävar,105713,Västerbotten County,AC,63.90383,20.55014,2968,,Europe__Stockholm
SE,CITY,Sävast,105624,Norrbotten County,BD,65.77002,21.73113,3093,,Europe__Stockholm
SE,CITY,Sävja,105201,Uppsala County,C,59.81872,17.69958,9723,,Europe__Stockholm
SE,CITY,Sävsjö,105913,Jönköping County,F,57.40327,14.66244,5374,,Europe__Stockholm
SE,ADM2,Sävsjö Kommun,165604,Jönköping County,F,57.32883,14.59426,10843,,Europe__Stockholm
SE,CITY,Sålanda,105631,Västra Götaland County,O,57.98333,12.21667,4240,,Europe__Stockholm
SE,CITY,Söderfors,105516,Uppsala County,C,60.38333,17.23333,1704,,Europe__Stockholm
SE,CITY,Söderfors,105651,Västerbotten County,AC,64.81667,18.05,1597,,Europe__Stockholm
SE,CITY,Söderhamn,105719,Gävleborg County,X,61.30373,17.05921,12259,,Europe__Stockholm
SE,ADM2,Söderhamns Kommun,165592,Gävleborg County,X,61.25371,16.94879,25542,,Europe__Stockholm
SE,CITY,Söderköping,106070,Östergötland County,E,58.48057,16.32221,7418,,Europe__Stockholm
SE,ADM2,Söderköpings Kommun,165593,Östergötland County,E,58.42056,16.4451,13974,,Europe__Stockholm
SE,CITY,Södermalm,105608,Stockholm County,AB,59.31278,18.07577,127323,,Europe__Stockholm
SE,CITY,Södertälje,105184,Stockholm County,AB,59.19554,17.62525,70777,23,Europe__Stockholm
SE,ADM2,Södertälje Kommun,165594,Stockholm County,AB,59.18121,17.62756,86695,,Europe__Stockholm
SE,CITY,Södra Sandby,105406,Skåne County,M,55.71677,13.34659,6306,,Europe__Stockholm
SE,CITY,Södra Sandby,105776,Kalmar County,H,56.56667,16.61667,5941,,Europe__Stockholm
SE,CITY,Södra Sunderbyn,105319,Norrbotten County,BD,65.65983,21.94004,3162,,Europe__Stockholm
SE,CITY,Södra Vi,105104,Kalmar County,H,57.73993,15.79391,1134,,Europe__Stockholm
SE,CITY,Sölvesborg,105229,Blekinge,K,56.05205,14.57525,8972,,Europe__Stockholm
SE,ADM2,Sölvesborgs kommun,165588,Blekinge,K,56.0891,14.64518,16805,,Europe__Stockholm
SE,CITY,Sörforsa,105397,Gävleborg County,X,61.73333,16.98333,1581,,Europe__Stockholm
SE,CITY,Söråker,105537,Västernorrland County,Y,62.50561,17.51032,2374,,Europe__Stockholm
SE,CITY,Sösdala,105936,Skåne County,M,56.03992,13.67811,1808,,Europe__Stockholm
SE,CITY,Taberg,105483,Jönköping County,F,57.67722,14.08876,4486,,Europe__Stockholm
SE,CITY,Tallboda,105430,Östergötland County,E,58.42521,15.68154,3311,,Europe__Stockholm
SE,ADM2,Tanums Kommun,165569,Västra Götaland County,O,58.71656,11.42571,12358,,Europe__Stockholm
SE,CITY,Tanumshede,105525,Västra Götaland County,O,58.72385,11.32587,1774,,Europe__Stockholm
SE,CITY,Teckomatorp,105191,Skåne County,M,55.86667,13.08333,1703,,Europe__Stockholm
SE,CITY,Tenhult,105353,Jönköping County,F,57.70761,14.32205,3112,,Europe__Stockholm
SE,CITY,Tensta,106107,Stockholm County,AB,59.3939,17.90111,17083,,Europe__Stockholm
SE,CITY,Tibro,106026,Västra Götaland County,O,58.42453,14.16162,8396,,Europe__Stockholm
SE,ADM2,Tibro Kommun,165570,Västra Götaland County,O,58.4492,14.22664,10570,,Europe__Stockholm
SE,CITY,Tidaholm,105948,Västra Götaland County,O,58.18035,13.95824,8175,,Europe__Stockholm
SE,ADM2,Tidaholms kommun,165564,Västra Götaland County,O,58.14842,13.94336,12556,,Europe__Stockholm
SE,CITY,Tierp,105923,Uppsala County,C,60.34269,17.51812,5826,,Europe__Stockholm
SE,ADM2,Tierps kommun,165568,Uppsala County,C,60.37206,17.63629,20128,,Europe__Stockholm
SE,CITY,Tillberga,105615,Västmanland County,U,59.68333,16.61667,2151,,Europe__Stockholm
SE,CITY,Timmernabben,105506,Kalmar County,H,56.96667,16.43333,1357,,Europe__Stockholm
SE,CITY,Timrå,105456,Västernorrland County,Y,62.48654,17.32613,10495,19,Europe__Stockholm
SE,ADM2,Timrå Kommun,165566,Västernorrland County,Y,62.61598,17.37848,17980,,Europe__Stockholm
SE,CITY,Tingsryd,105612,Kronoberg County,G,56.5247,14.97902,3087,,Europe__Stockholm
SE,ADM2,Tingsryds Kommun,165565,Kronoberg County,G,56.53333,14.96667,12191,,Europe__Stockholm
SE,CITY,Tjuvkil,105598,Västra Götaland County,O,57.9,11.73333,1013,,Europe__Stockholm
SE,ADM2,Tjörns Kommun,165562,Västra Götaland County,O,58.00519,11.63101,14953,,Europe__Stockholm
SE,CITY,Tollarp,105476,Skåne County,M,55.93333,13.98333,3404,,Europe__Stockholm
SE,CITY,Tollarp1,105636,Skåne County,M,56.16667,14.28333,3170,,Europe__Stockholm
SE,CITY,Tomelilla,105717,Skåne County,M,55.54293,13.9546,6826,,Europe__Stockholm
SE,ADM2,Tomelilla Kommun,165561,Skåne County,M,55.61963,14.01975,12900,,Europe__Stockholm
SE,CITY,Torekov,105228,Skåne County,M,56.425,12.63333,1078,,Europe__Stockholm
SE,CITY,Tormestorp,105313,Skåne County,M,56.1135,13.74516,1043,,Europe__Stockholm
SE,CITY,Torsby,105493,Värmland County,S,60.13527,13.0082,4419,,Europe__Stockholm
SE,ADM2,Torsby Kommun,165559,Värmland County,S,60.56939,12.93837,12381,,Europe__Stockholm
SE,CITY,Torshälla,105475,Södermanland County,D,59.41667,16.46667,8928,,Europe__Stockholm
SE,CITY,Torslanda,105695,Västra Götaland County,O,57.72432,11.77013,10129,,Europe__Stockholm
SE,CITY,Torsås,105853,Kalmar County,H,56.41251,15.99844,2000,,Europe__Stockholm
SE,ADM2,Torsås Kommun,165558,Kalmar County,H,56.42649,15.89128,6917,,Europe__Stockholm
SE,CITY,Torup,105540,Halland County,N,56.95663,13.07725,1245,,Europe__Stockholm
SE,CITY,Tranemo,105675,Västra Götaland County,O,57.48333,13.35,3224,,Europe__Stockholm
SE,ADM2,Tranemo Kommun,165557,Västra Götaland County,O,57.5,13.43333,11566,,Europe__Stockholm
SE,CITY,Tranås,105115,Jönköping County,F,58.03717,14.9782,14550,,Europe__Stockholm
SE,ADM2,Tranås Kommun,165560,Jönköping County,F,58.02906,14.83456,18096,,Europe__Stockholm
SE,CITY,Trekanten,105767,Kalmar County,H,56.7,16.11667,1599,,Europe__Stockholm
SE,CITY,Trelleborg,105300,Skåne County,M,55.37514,13.15691,29316,,Europe__Stockholm
SE,ADM2,Trelleborgs Kommun,165555,Skåne County,M,55.41274,13.26859,42276,,Europe__Stockholm
SE,ADM2,Trollhättan,165556,Västra Götaland County,O,58.21208,12.35033,55358,,Europe__Stockholm
SE,CITY,Trosa,105910,Södermanland County,D,58.89621,17.54812,5836,,Europe__Stockholm
SE,ADM2,Trosa Kommun,165795,Södermanland County,D,58.8933,17.49847,11480,,Europe__Stockholm
SE,CITY,Träslövsläge,105290,Halland County,N,57.05417,12.27899,1985,,Europe__Stockholm
SE,CITY,Trönninge,105177,Halland County,N,56.61667,12.93333,1569,,Europe__Stockholm
SE,CITY,Tullinge,105994,Stockholm County,AB,59.2,17.9,16000,,Europe__Stockholm
SE,CITY,Tumba,105996,Stockholm County,AB,59.19858,17.83317,40832,,Europe__Stockholm
SE,CITY,Tvååker,105845,Halland County,N,57.04147,12.3995,2640,,Europe__Stockholm
SE,CITY,Tygelsjö,105241,Skåne County,M,55.51667,13.0,3420,,Europe__Stockholm
SE,ADM2,Tyresö Kommun,165547,Stockholm County,AB,59.24148,18.28074,42987,,Europe__Stockholm
SE,CITY,Tyringe,105440,Skåne County,M,56.16037,13.59811,4712,,Europe__Stockholm
SE,ADM2,Täby Kommun,165567,Stockholm County,AB,59.43739,18.0653,63955,,Europe__Stockholm
SE,CITY,Täfteå,105937,Västerbotten County,AC,63.8397,20.47857,1305,,Europe__Stockholm
SE,CITY,Tärnsjö,105962,Uppsala County,C,60.15,16.93333,1174,,Europe__Stockholm
SE,CITY,Töcksfors,105859,Värmland County,S,59.50816,11.84431,1221,,Europe__Stockholm
SE,CITY,Töre,105976,Norrbotten County,BD,65.91243,22.65128,1051,,Europe__Stockholm
SE,CITY,Töreboda,106095,Västra Götaland County,O,58.70739,14.12597,4626,93,Europe__Stockholm
SE,ADM2,Töreboda Kommun,165563,Västra Götaland County,O,58.67996,14.16139,9106,,Europe__Stockholm
SE,CITY,Uddevalla,105156,Västra Götaland County,O,58.34784,11.9424,34781,,Europe__Stockholm
SE,ADM2,Uddevalla Kommun,165552,Västra Götaland County,O,58.34099,11.84744,51934,,Europe__Stockholm
SE,CITY,Ulricehamn,105840,Västra Götaland County,O,57.79159,13.41422,10629,,Europe__Stockholm
SE,ADM2,Ulricehamns Kommun,165553,Västra Götaland County,O,57.82059,13.46116,22853,,Europe__Stockholm
SE,CITY,Umeå,105443,Västerbotten County,AC,63.82842,20.25972,83249,12,Europe__Stockholm
SE,ADM2,Umeå Kommun,165511,Västerbotten County,AC,63.82992,20.25484,115728,,Europe__Stockholm
SE,CITY,Upplands Väsby,106032,Stockholm County,AB,59.51839,17.91128,36534,,Europe__Stockholm
SE,ADM2,Upplands Väsby kommun,165549,Stockholm County,AB,59.52382,17.91001,39600,,Europe__Stockholm
SE,ADM2,Upplands-Bro Kommun,165554,Stockholm County,AB,59.49095,17.74979,23713,,Europe__Stockholm
SE,CITY,Uppsala,105887,Uppsala County,C,59.85882,17.63889,149245,15,Europe__Stockholm
SE,ADM2,Uppsala Kommun,165551,Uppsala County,C,59.96425,17.77395,198315,,Europe__Stockholm
SE,ADM2,Uppvidinge Kommun,165548,Kronoberg County,G,57.03442,15.44727,9239,,Europe__Stockholm
SE,CITY,Ursviken,105857,Västerbotten County,AC,64.71261,21.1658,3913,,Europe__Stockholm
SE,CITY,Vadstena,105341,Östergötland County,E,58.44863,14.88969,5674,,Europe__Stockholm
SE,ADM2,Vadstena Kommun,165550,Östergötland County,E,58.40783,14.86162,7369,,Europe__Stockholm
SE,CITY,Vaggeryd,105742,Jönköping County,F,57.49807,14.14842,5122,,Europe__Stockholm
SE,ADM2,Vaggeryds Kommun,165546,Jönköping County,F,57.47206,14.12797,13008,,Europe__Stockholm
SE,CITY,Vagnhärad,105586,Södermanland County,D,58.94587,17.48757,3397,,Europe__Stockholm
SE,CITY,Valbo,105161,Gävleborg County,X,60.65,17.03333,7147,,Europe__Stockholm
SE,CITY,Valdemarsvik,105499,Östergötland County,E,58.2031,16.60225,2685,,Europe__Stockholm
SE,ADM2,Valdemarsviks Kommun,165541,Östergötland County,E,58.2,16.6,7750,,Europe__Stockholm
SE,CITY,Valje,105869,Skåne County,M,56.06279,14.54388,1067,,Europe__Stockholm
SE,CITY,Valla,105494,Södermanland County,D,59.01667,16.38333,1485,,Europe__Stockholm
SE,CITY,Valla,105633,Jämtland County,Z,63.55,13.8,1584,,Europe__Stockholm
SE,CITY,Vallda,105834,Halland County,N,57.4775,12.00139,3929,,Europe__Stockholm
SE,CITY,Vallentuna,105274,Stockholm County,AB,59.53436,18.07758,31937,,Europe__Stockholm
SE,ADM2,Vallentuna Kommun,165540,Stockholm County,AB,59.59146,18.21,30211,,Europe__Stockholm
SE,CITY,Vansbro,105992,Dalarna County,W,60.50893,14.22458,2042,,Europe__Stockholm
SE,ADM2,Vansbro Kommun,165542,Dalarna County,W,60.46117,14.27836,6785,,Europe__Stockholm
SE,CITY,Vara,105411,Västra Götaland County,O,58.26234,12.95413,4052,,Europe__Stockholm
SE,ADM2,Vara Kommun,165543,Västra Götaland County,O,58.24391,13.07285,15704,,Europe__Stockholm
SE,CITY,Varberg,105787,Halland County,N,57.10557,12.25078,34248,,Europe__Stockholm
SE,ADM2,Varbergs Kommun,165537,Halland County,N,57.17208,12.41797,58043,,Europe__Stockholm
SE,CITY,Vargön,105200,Västra Götaland County,O,58.35599,12.3906,4981,,Europe__Stockholm
SE,CITY,Vasastan,106097,Stockholm County,AB,59.34571,18.04985,58458,,Europe__Stockholm
SE,CITY,Vattholma,106089,Uppsala County,C,60.01667,17.73333,1410,,Europe__Stockholm
SE,CITY,Vaxholm,105664,Stockholm County,AB,59.40225,18.35317,4849,,Europe__Stockholm
SE,ADM2,Vaxholms Kommun,165533,Stockholm County,AB,59.40386,18.34167,10962,,Europe__Stockholm
SE,CITY,Veberöd,105226,Skåne County,M,55.63333,13.48333,4850,,Europe__Stockholm
SE,CITY,Veddige,105625,Halland County,N,57.26591,12.3322,2260,,Europe__Stockholm
SE,CITY,Veinge,105801,Halland County,N,56.55,13.06667,1417,,Europe__Stockholm
SE,CITY,Vejbystrand,105225,Skåne County,M,56.31778,12.76722,2764,,Europe__Stockholm
SE,CITY,Vellinge,105580,Skåne County,M,55.47124,13.01971,6496,,Europe__Stockholm
SE,ADM2,Vellinge Kommun,165528,Skåne County,M,55.44776,13.00919,33250,,Europe__Stockholm
SE,CITY,Vetlanda,105908,Jönköping County,F,57.42887,15.07762,13430,,Europe__Stockholm
SE,ADM2,Vetlanda kommun,165530,Jönköping County,F,57.36862,15.18468,26305,,Europe__Stockholm
SE,CITY,Vi,107021,Västernorrland County,Y,62.43333,17.41667,5841,,Europe__Stockholm
SE,CITY,Vibble,105401,Gotland County,I,57.60452,18.25601,1709,,Europe__Stockholm
SE,CITY,Vikarbyn,105683,Dalarna County,W,60.91667,15.01667,1193,,Europe__Stockholm
SE,CITY,Viken,105756,Västerbotten County,AC,64.72587,20.91548,3753,,Europe__Stockholm
SE,CITY,Viken,105762,Skåne County,M,56.15063,12.57429,4489,,Europe__Stockholm
SE,CITY,Vikingstad,105172,Östergötland County,E,58.38304,15.43201,2335,,Europe__Stockholm
SE,CITY,Vilhelmina,105314,Västerbotten County,AC,64.62417,16.65596,3572,,Europe__Stockholm
SE,ADM2,Vilhelmina Kommun,165532,Västerbotten County,AC,64.99358,16.03212,7100,,Europe__Stockholm
SE,CITY,Vimmerby,106061,Kalmar County,H,57.66588,15.85515,8037,,Europe__Stockholm
SE,ADM2,Vimmerby Kommun,165531,Kalmar County,H,57.69009,15.86741,15451,,Europe__Stockholm
SE,CITY,Vindeln,106037,Västerbotten County,AC,64.20175,19.71945,2403,,Europe__Stockholm
SE,ADM2,Vindelns Kommun,165525,Västerbotten County,AC,64.18605,19.71222,5490,,Europe__Stockholm
SE,CITY,Vingåker,105315,Södermanland County,D,59.0433,15.87374,4548,,Europe__Stockholm
SE,ADM2,Vingåkers Kommun,165524,Södermanland County,D,59.06667,15.88333,8898,,Europe__Stockholm
SE,CITY,Vinninga,105816,Västra Götaland County,O,58.45,13.26667,1033,,Europe__Stockholm
SE,CITY,Vinslöv,105873,Skåne County,M,56.1,13.91667,3989,,Europe__Stockholm
SE,CITY,Vintrosa,105893,Örebro County,T,59.25,14.95,2285,,Europe__Stockholm
SE,CITY,Virserum,105489,Kalmar County,H,57.31667,15.58333,1769,,Europe__Stockholm
SE,CITY,Visby,105466,Gotland County,I,57.64089,18.29602,23402,,Europe__Stockholm
SE,CITY,Viskafors,105509,Västra Götaland County,O,57.62941,12.8489,3701,,Europe__Stockholm
SE,CITY,Vislanda,105107,Kronoberg County,G,56.78333,14.45,1813,,Europe__Stockholm
SE,CITY,Vittsjö,105488,Skåne County,M,56.34366,13.66081,1787,,Europe__Stockholm
SE,CITY,Vrigstad,105930,Jönköping County,F,57.35,14.46667,1461,,Europe__Stockholm
SE,CITY,Vänersborg,105169,Västra Götaland County,O,58.38075,12.3234,23119,,Europe__Stockholm
SE,ADM2,Vänersborgs Kommun,165544,Västra Götaland County,O,58.39828,12.27554,36837,,Europe__Stockholm
SE,CITY,Vännäs,105707,Västerbotten County,AC,63.90676,19.75712,4373,,Europe__Stockholm
SE,ADM2,Vännäs Kommun,165539,Västerbotten County,AC,63.9496,19.70834,8377,,Europe__Stockholm
SE,CITY,Vännäsby,105498,Västerbotten County,AC,63.91564,19.82438,1581,,Europe__Stockholm
SE,ADM2,Värmdö Kommun,165538,Stockholm County,AB,59.31614,18.70414,38396,,Europe__Stockholm
SE,CITY,Värnamo,105830,Jönköping County,F,57.18604,14.04001,19061,,Europe__Stockholm
SE,ADM2,Värnamo Kommun,165534,Jönköping County,F,57.17128,14.05317,32819,,Europe__Stockholm
SE,CITY,Västervik,105966,Kalmar County,H,57.7584,16.63733,21178,6,Europe__Stockholm
SE,ADM2,Västerviks Kommun,165535,Kalmar County,H,57.85242,16.3894,36129,,Europe__Stockholm
SE,ADM2,Västerås,165536,Västmanland County,U,59.64914,16.56445,137428,,Europe__Stockholm
SE,CITY,Västra Frölunda,694164,Västra Götaland County,O,57.64667,11.92944,15924,,Europe__Stockholm
SE,CITY,Västra Hagen,106348,Halland County,N,57.42444,11.93583,1319,,Europe__Stockholm
SE,CITY,Växjö,105175,Kronoberg County,G,56.87767,14.80906,65383,167,Europe__Stockholm
SE,ADM2,Växjö Kommun,165529,Kronoberg County,G,56.9453,14.89981,83203,,Europe__Stockholm
SE,CITY,Vålberg,105234,Värmland County,S,59.39145,13.18633,2848,,Europe__Stockholm
SE,CITY,Vårby,694161,Stockholm County,AB,59.26671,17.88407,10115,,Europe__Stockholm
SE,CITY,Vårgårda,106045,Västra Götaland County,O,58.03706,12.80907,5384,,Europe__Stockholm
SE,ADM2,Vårgårda Kommun,165545,Västra Götaland County,O,57.98769,12.76888,10952,,Europe__Stockholm
SE,CITY,Vårsta,105198,Stockholm County,AB,59.16528,17.79722,2470,,Europe__Stockholm
SE,ADM2,Ydre Kommun,165526,Östergötland County,E,57.86355,15.26266,3663,,Europe__Stockholm
SE,CITY,Ystad,105851,Skåne County,M,55.42966,13.82041,18806,,Europe__Stockholm
SE,ADM2,Ystads Kommun,165527,Skåne County,M,55.46367,13.91153,28300,,Europe__Stockholm
SE,CITY,Älmhult,107081,Kronoberg County,G,56.55146,14.13827,9495,,Europe__Stockholm
SE,ADM2,Älmhults Kommun,165792,Kronoberg County,G,56.58563,14.15502,15601,,Europe__Stockholm
SE,CITY,Älmsta,106452,Stockholm County,AB,59.96667,18.8,1376,,Europe__Stockholm
SE,CITY,Älta,106699,Stockholm County,AB,59.26667,18.18333,9274,,Europe__Stockholm
SE,CITY,Älvdalen,106752,Dalarna County,W,61.22774,14.03935,1863,,Europe__Stockholm
SE,ADM2,Älvdalens kommun,165786,Dalarna County,W,61.61337,13.27257,7211,,Europe__Stockholm
SE,CITY,Älvkarleby,106823,Uppsala County,C,60.57081,17.44895,1517,,Europe__Stockholm
SE,ADM2,Älvkarleby Kommun,165789,Uppsala County,C,60.58212,17.44532,9093,,Europe__Stockholm
SE,CITY,Älvsbyn,105562,Norrbotten County,BD,65.67624,21.00162,4976,,Europe__Stockholm
SE,ADM2,Älvsbyns Kommun,165523,Norrbotten County,BD,65.73201,20.71412,8298,,Europe__Stockholm
SE,CITY,Älvängen,106750,Västra Götaland County,O,57.95872,12.1235,4759,,Europe__Stockholm
SE,CITY,Ängelholm,106801,Skåne County,M,56.2428,12.86219,23240,,Europe__Stockholm
SE,ADM2,Ängelholms Kommun,165787,Skåne County,M,56.26814,12.96622,39455,,Europe__Stockholm
SE,CITY,Ärla,106543,Södermanland County,D,59.27983,16.67896,1272,,Europe__Stockholm
SE,CITY,Åby,106380,Östergötland County,E,58.66667,16.18333,6917,,Europe__Stockholm
SE,CITY,Åhus,106297,Skåne County,M,55.91667,14.28333,9840,,Europe__Stockholm
SE,CITY,Åkarp,106989,Västra Götaland County,O,58.23333,13.65,5393,,Europe__Stockholm
SE,CITY,Åkarp,107056,Skåne County,M,55.65396,13.11107,5959,,Europe__Stockholm
SE,CITY,Åkers Styckebruk,106158,Södermanland County,D,59.25,17.08333,2730,,Europe__Stockholm
SE,CITY,Åkersberga,106673,Stockholm County,AB,59.47944,18.29967,32659,,Europe__Stockholm
SE,CITY,Åled,106273,Halland County,N,56.75,12.93333,1690,,Europe__Stockholm
SE,CITY,Åmotfors,106160,Värmland County,S,59.76191,12.36211,1347,,Europe__Stockholm
SE,CITY,Åmål,106152,Västra Götaland County,O,59.051,12.70492,9373,,Europe__Stockholm
SE,ADM2,Åmåls Kommun,165790,Västra Götaland County,O,59.04573,12.59583,12243,,Europe__Stockholm
SE,CITY,Ånge,106394,Västernorrland County,Y,62.52495,15.65904,2889,,Europe__Stockholm
SE,ADM2,Ånge kommun,165788,Västernorrland County,Y,62.51232,15.64453,10049,,Europe__Stockholm
SE,CITY,Åre,106774,Jämtland County,Z,63.39911,13.07995,2768,,Europe__Stockholm
SE,ADM2,Åre kommun,165781,Jämtland County,Z,63.38305,13.12616,10273,,Europe__Stockholm
SE,CITY,Årjäng,106197,Värmland County,S,59.39217,12.13336,3302,,Europe__Stockholm
SE,ADM2,Årjängs Kommun,165780,Värmland County,S,59.43589,12.10366,9833,,Europe__Stockholm
SE,CITY,Årsta,106189,Stockholm County,AB,59.2978,18.0514,16807,,Europe__Stockholm
SE,CITY,Årsunda,106465,Gävleborg County,X,60.51644,16.73436,1012,,Europe__Stockholm
SE,CITY,Ås,106353,Västernorrland County,Y,63.36667,16.58333,1097,,Europe__Stockholm
SE,CITY,Ås,107047,Jämtland County,Z,63.25,14.56667,1572,,Europe__Stockholm
SE,CITY,Åsa,106900,Halland County,N,57.35,12.11667,6084,,Europe__Stockholm
SE,CITY,Åsbro,106267,Örebro County,T,59.0,15.05,1321,,Europe__Stockholm
SE,CITY,Åseda,106209,Kronoberg County,G,57.1701,15.3443,2557,,Europe__Stockholm
SE,CITY,Åsele,106901,Västerbotten County,AC,64.16026,17.34762,1706,,Europe__Stockholm
SE,ADM2,Åsele Kommun,165783,Västerbotten County,AC,64.16604,17.62356,3031,,Europe__Stockholm
SE,CITY,Åstorp,106214,Skåne County,M,56.13566,12.9443,9215,,Europe__Stockholm
SE,ADM2,Åstorps Kommun,165776,Skåne County,M,56.14003,12.97259,14754,,Europe__Stockholm
SE,CITY,Åtvidaberg,106600,Östergötland County,E,58.20152,15.9977,7014,,Europe__Stockholm
SE,ADM2,Åtvidabergs Kommun,165774,Östergötland County,E,58.22799,16.12522,11484,,Europe__Stockholm
SE,CITY,Öckerö,105351,Västra Götaland County,O,57.70814,11.65585,3568,,Europe__Stockholm
SE,ADM2,Öckerö Kommun,165630,Västra Götaland County,O,57.69534,11.64825,12461,,Europe__Stockholm
SE,CITY,Ödeshög,105563,Östergötland County,E,58.22949,14.65294,2554,,Europe__Stockholm
SE,ADM2,Ödeshögs Kommun,165631,Östergötland County,E,58.2264,14.74067,5261,,Europe__Stockholm
SE,CITY,Ödsmål,105539,Västra Götaland County,O,58.1,11.85,1414,,Europe__Stockholm
SE,CITY,Ödåkra,106063,Skåne County,M,56.10412,12.7477,5231,,Europe__Stockholm
SE,CITY,Öjersjö,105824,Västra Götaland County,O,57.69882,12.13448,4394,,Europe__Stockholm
SE,CITY,Önnestad,105310,Skåne County,M,56.05747,14.02233,1392,,Europe__Stockholm
SE,CITY,Örbyhus,105686,Uppsala County,C,60.22407,17.70138,2025,,Europe__Stockholm
SE,CITY,Örebro,106053,Örebro County,T,59.27412,15.2066,115765,34,Europe__Stockholm
SE,ADM2,Örebro Kommun,165620,Örebro County,T,59.27168,15.28364,135774,,Europe__Stockholm
SE,CITY,Öregrund,105864,Uppsala County,C,60.33333,18.43333,1589,,Europe__Stockholm
SE,CITY,Örkelljunga,105599,Skåne County,M,56.28338,13.27773,5193,,Europe__Stockholm
SE,ADM2,Örkelljunga Kommun,165623,Skåne County,M,56.32464,13.33941,9636,,Europe__Stockholm
SE,CITY,Örnsköldsvik,106023,Västernorrland County,Y,63.29091,18.71525,32493,18,Europe__Stockholm
SE,ADM2,Örnsköldsviks Kommun,165625,Västernorrland County,Y,63.51458,18.27101,54948,,Europe__Stockholm
SE,CITY,Örsundsbro,105550,Uppsala County,C,59.73333,17.3,1302,,Europe__Stockholm
SE,CITY,Ösmo,105195,Stockholm County,AB,58.98333,17.9,3866,,Europe__Stockholm
SE,CITY,Österbybruk,105134,Uppsala County,C,60.2,17.9,2331,,Europe__Stockholm
SE,CITY,Österbymo,105197,Östergötland County,E,57.82465,15.27357,897,,Europe__Stockholm
SE,CITY,Östermalm,105425,Stockholm County,AB,59.33879,18.08487,36418,,Europe__Stockholm
SE,CITY,Östersund,105576,Jämtland County,Z,63.1792,14.63566,49806,312,Europe__Stockholm
SE,ADM2,Östersunds Kommun,165618,Jämtland County,Z,63.22072,14.90857,59364,,Europe__Stockholm
SE,CITY,Östervåla,105991,Uppsala County,C,60.18333,17.18333,1696,,Europe__Stockholm
SE,ADM2,Österåkers Kommun,165617,Stockholm County,AB,59.48345,18.29979,39521,,Europe__Stockholm
SE,CITY,Östhammar,105698,Uppsala County,C,60.25909,18.37408,4726,,Europe__Stockholm
SE,ADM2,Östhammars Kommun,165616,Uppsala County,C,60.24156,18.26968,21337,,Europe__Stockholm
SE,ADM2,Östra Göinge Kommun,165619,Skåne County,M,56.27212,14.1598,13584,,Europe__Stockholm
SE,CITY,Östra Ljungby,105260,Skåne County,M,56.19601,13.09199,1740,,Europe__Stockholm
SE,CITY,Överkalix,105272,Norrbotten County,BD,66.32754,22.84414,1036,,Europe__Stockholm
SE,ADM2,Överkalix Kommun,165514,Norrbotten County,BD,66.47043,22.57928,3602,,Europe__Stockholm
SE,CITY,Övertorneå,105304,Norrbotten County,BD,66.38778,23.65425,1906,71,Europe__Stockholm
SE,ADM2,Övertorneå Kommun,165517,Norrbotten County,BD,66.48317,23.43866,4810,,Europe__Stockholm
SE,CITY,Överum,105635,Kalmar County,H,57.98856,16.3139,1166,,Europe__Stockholm
